charity_name,address,city,state,zipcode,phone_number,email,category_name,charity_description,charity_tag,logo,founded,charity_id,assets,income,expenses,irs_form
1000 Friends Of Colorado Inc,,Boulder,CO,80304,,,,,,,,,,,,
17solutions,,Boulder,CO,80304,,,,,,,,,,,,
350 Colorado,,Boulder,CO,80304,,,,,,,,,,,,
3l Foundation,,Boulder,CO,80304,,,,,,,,,,,,
Above The Seas Llc,,Boulder,CO,80304,,,,,,,,,,,,
Academy For International School Heads,,Boulder,CO,80304,,,,,,,,,,,,
Addictive Bahavior Counseling Ministries International Inc,,Boulder,CO,80304,,,,,,,,,,,,
Aedra,,Boulder,CO,80304,,,,,,,,,,,,
Aerial Futures,,Boulder,CO,80304,,,,,,,,,,,,
Alandi Ashram,,Boulder,CO,80304,,,,,,,,,,,,
Alex Maldonado Scholarship Fund,,Boulder,CO,80304,,,,,,,,,,,,
Alliance For Climate Education Inc,,Boulder,CO,80304,,,,,,,,,,,,
Altai Institute For Research And Conservation Inc,,Boulder,CO,80304,,,,,,,,,,,,
Alumnae Association Of Mount Holyoke College Inc,,Boulder,CO,80304,,,,,,,,,,,,
American Federation Of Teachers,,Boulder,CO,80304,,,,,,,,,,,,
American Group Psychotherapy Association Inc,,Boulder,CO,80304,,,,,,,,,,,,
Anam Chara,,Boulder,CO,80304,,,,,,,,,,,,
Apple Ridge Park Homeowners Association,,Boulder,CO,80304,,,,,,,,,,,,
Art,,Boulder,CO,80304,,,,,,,,,,,,
Art Parts Creative Reuse Center,,Boulder,CO,80304,,,,,,,,,,,,
Association Of Colorado Independent Schools,,Boulder,CO,80304,,,,,,,,,,,,
Athletes Coalition,,Boulder,CO,80304,,,,,,,,,,,,
Baobao Foundation,,Boulder,CO,80304,,,,,,,,,,,,
Betty Byfield Paul Foundation,,Boulder,CO,80304,,,,,,,,,,,,
Blue Moon Dance Company,,Boulder,CO,80304,,,,,,,,,,,,
Bolderlife Foundation,,Boulder,CO,80304,,,,,,,,,,,,
Boulder Aikikai Inc,,Boulder,CO,80304,,,,,,,,,,,,
Boulder Art Matrix,,Boulder,CO,80304,,,,,,,,,,,,
Boulder Bear Coalition,,Boulder,CO,80304,,,,,,,,,,,,
Boulder Bible Chapel,,Boulder,CO,80304,,,,,,,,,,,,
Boulder Carshare,,Boulder,CO,80304,,,,,,,,,,,,
Boulder County Latina League Inc,,Boulder,CO,80304,,,,,,,,,,,,
Boulder Cycling Club,,Boulder,CO,80304,,,,,,,,,,,,
Boulder High Lacrosse,,Boulder,CO,80304,,,,,,,,,,,,
Boulder Housing Partners Foundation,,Boulder,CO,80304,,,,,,,,,,,,
Boulder Metalsmithing Association,,Boulder,CO,80304,,,,,,,,,,,,
Boulder Nablus Sister City Project Inc,,Boulder,CO,80304,,,,,,,,,,,,
Boulder Opera,,Boulder,CO,80304,,,,,,,,,,,,
Boulder Samba School,,Boulder,CO,80304,,,,,,,,,,,,
Boulder Shelter For The Homeless Inc,,Boulder,CO,80304,,,,,,,,,,,,
Boulder Tibet Sister City Project Inc,,Boulder,CO,80304,,,,,,,,,,,,
Boulder Valley Cycling Alliance,,Boulder,CO,80304,,,,,,,,,,,,
Buddhist Arts And Film Festival,,Boulder,CO,80304,,,,,,,,,,,,
Cancer Quilt Project,,Boulder,CO,80304,,,,,,,,,,,,
Casa De Dios Shalom,,Boulder,CO,80304,,,,,,,,,,,,
Cdr Associates,,Boulder,CO,80304,,,,,,,,,,,,
Centennial Middle School Parentteacher Organization,,Boulder,CO,80304,,,,,,,,,,,,
Center Of Light And Truth-new Thought Science,,Boulder,CO,80304,,,,,,,,,,,,
Central Christian Church Of Boulder Colorado,,Boulder,CO,80304,,,,,,,,,,,,
Child And Family Advocacy Program,,Boulder,CO,80304,,,,,,,,,,,,
Childrens House Preschool Inc,,Boulder,CO,80304,,,,,,,,,,,,
Cini Usa Inc,,Boulder,CO,80304,,,,,,,,,,,,
Citizens For Engaged Communities Inc,,Boulder,CO,80304,,,,,,,,,,,,
Climbing Wall Association Inc,,Boulder,CO,80304,,,,,,,,,,,,
Climbing Without Borders,,Boulder,CO,80304,,,,,,,,,,,,
Coalition For Collaborative Development,,Boulder,CO,80304,,,,,,,,,,,,
Coalition For Good Governance,,Boulder,CO,80304,,,,,,,,,,,,
Code Wagon,,Boulder,CO,80304,,,,,,,,,,,,
Colorado Asia Council,,Boulder,CO,80304,,,,,,,,,,,,
Colorado Association For Play Therapy,,Boulder,CO,80304,,,,,,,,,,,,
Colorado Bowhunters Association Inc,,Boulder,CO,80304,,,,,,,,,,,,
Colorado Film Society,,Boulder,CO,80304,,,,,,,,,,,,
Colorado High School Cycling League,,Boulder,CO,80304,,,,,,,,,,,,
Colorado Mosaic Artists,,Boulder,CO,80304,,,,,,,,,,,,
Colorado Straw Bale Association,,Boulder,CO,80304,,,,,,,,,,,,
Colorado Textile Group,,Boulder,CO,80304,,,,,,,,,,,,
Concept Restaurants Inc Employee Health Plan,,Boulder,CO,80304,,,,,,,,,,,,
Congregation Nevei Kodesh,,Boulder,CO,80304,,,,,,,,,,,,
Cyclists 4 Community,,Boulder,CO,80304,,,,,,,,,,,,
Daniels Family Foundation,,Boulder,CO,80304,,,,,,,,,,,,
Deaf Education Industries,,Boulder,CO,80304,,,,,,,,,,,,
Democracy And Media Education Foundation,,Boulder,CO,80304,,,,,,,,,,,,
Earth Guardians Inc,,Boulder,CO,80304,,,,,,,,,,,,
Edm Cares Project,,Boulder,CO,80304,,,,,,,,,,,,
Emergency Family Assistance Association Inc,,Boulder,CO,80304,,,,,,,,,,,,
Energyschool Foundation,,Boulder,CO,80304,,,,,,,,,,,,
Eon Zen Center Inc,,Boulder,CO,80304,,,,,,,,,,,,
Equussential Education,,Boulder,CO,80304,,,,,,,,,,,,
Evan Spear Foundation,,Boulder,CO,80304,,,,,,,,,,,,
Everyday Good Eating,,Boulder,CO,80304,,,,,,,,,,,,
F R O G Pose,,Boulder,CO,80304,,,,,,,,,,,,
Fantasyland Institute Of Learning Inc,,Boulder,CO,80304,,,,,,,,,,,,
Feed The Soul Inc,,Boulder,CO,80304,,,,,,,,,,,,
First Orthodox Presbyterian Church,,Boulder,CO,80304,,,,,,,,,,,,
Flatirons Chamber Music Festival,,Boulder,CO,80304,,,,,,,,,,,,
Foothill Elementory Pto,,Boulder,CO,80304,,,,,,,,,,,,
Foundation For African Resources,,Boulder,CO,80304,,,,,,,,,,,,
Foundation For Earth Science Information Partners,,Boulder,CO,80304,,,,,,,,,,,,
Free To Live Fellowship Inc,,Boulder,CO,80304,,,,,,,,,,,,
Friends Of The Peace Parks Inc,,Boulder,CO,80304,,,,,,,,,,,,
Front Range Agility Club,,Boulder,CO,80304,,,,,,,,,,,,
Fugere Family Foundation,,Boulder,CO,80304,,,,,,,,,,,,
Futurity Foundation,,Boulder,CO,80304,,,,,,,,,,,,
Gateway Apprenticeship Program,,Boulder,CO,80304,,,,,,,,,,,,
General Association Of Davidian Seventh Day Adventists Inc,,Boulder,CO,80304,,,,,,,,,,,,
Gentle Passages Foundation Inc,,Boulder,CO,80304,,,,,,,,,,,,
Go Flyers Club,,Boulder,CO,80304,,,,,,,,,,,,
Goose Creek Community Land Trust,,Boulder,CO,80304,,,,,,,,,,,,
Great Escape Inc,,Boulder,CO,80304,,,,,,,,,,,,
Green Deck Inc,,Boulder,CO,80304,,,,,,,,,,,,
Growing Gardens Of Boulder County Inc,,Boulder,CO,80304,,,,,,,,,,,,
Gzsobols Parkinsons Network,,Boulder,CO,80304,,,,,,,,,,,,
Hands For Life,,Boulder,CO,80304,,,,,,,,,,,,
Herb Research Foundation,,Boulder,CO,80304,,,,,,,,,,,,
Hillside Church Of The Savior,,Boulder,CO,80304,,,,,,,,,,,,
Holy Cross Wilderness Defense Fund,,Boulder,CO,80304,,,,,,,,,,,,
Honnold Foundation,,Boulder,CO,80304,,,,,,,,,,,,
Ida P Rolf Research Foundation,,Boulder,CO,80304,,,,,,,,,,,,
Immigrant Legal Center Of Boulder County,,Boulder,CO,80304,,,,,,,,,,,,
Incite Productions Inc,,Boulder,CO,80304,,,,,,,,,,,,
Informed Family Life,,Boulder,CO,80304,,,,,,,,,,,,
Innovative Users Group,,Boulder,CO,80304,,,,,,,,,,,,
Insight Sangha,,Boulder,CO,80304,,,,,,,,,,,,
Institute For Bolder Healthcare,,Boulder,CO,80304,,,,,,,,,,,,
Institute For International Connect Ion,,Boulder,CO,80304,,,,,,,,,,,,
Irish Step Dancers Of Colorado,,Boulder,CO,80304,,,,,,,,,,,,
Jack And Sue Witkin Charitable Foundation,,Boulder,CO,80304,,,,,,,,,,,,
Jarrow School Inc,,Boulder,CO,80304,,,,,,,,,,,,
Jinpa Foundation,,Boulder,CO,80304,,,,,,,,,,,,
Jlf Colorado,,Boulder,CO,80304,,,,,,,,,,,,
Kapoks,,Boulder,CO,80304,,,,,,,,,,,,
Kids Included Of Colorado,,Boulder,CO,80304,,,,,,,,,,,,
Kiva Center,,Boulder,CO,80304,,,,,,,,,,,,
Kiwanis International Inc,,Boulder,CO,80304,,,,,,,,,,,,
Land Use Resource Center,,Boulder,CO,80304,,,,,,,,,,,,
Leave No Trace Center For Outdoor Ethics,,Boulder,CO,80304,,,,,,,,,,,,
Left Hand Foundation,,Boulder,CO,80304,,,,,,,,,,,,
Lemon Sponge Cake Contemporary Ballet,,Boulder,CO,80304,,,,,,,,,,,,
Lhadrima Foundation Inc,,Boulder,CO,80304,,,,,,,,,,,,
Living Systems Academy,,Boulder,CO,80304,,,,,,,,,,,,
Luca Media Collective,,Boulder,CO,80304,,,,,,,,,,,,
Mackenzie Winslows Storytellers Initiative,,Boulder,CO,80304,,,,,,,,,,,,
Macon & Regina Cowles Foundation,,Boulder,CO,80304,,,,,,,,,,,,
Making Our Voices Effective Inc,,Boulder,CO,80304,,,,,,,,,,,,
Mapleton Home Association,,Boulder,CO,80304,,,,,,,,,,,,
Media In The Public Interest Inc,,Boulder,CO,80304,,,,,,,,,,,,
Mero Sathi Nepal,,Boulder,CO,80304,,,,,,,,,,,,
Millenia Music Inc,,Boulder,CO,80304,,,,,,,,,,,,
Miracle Fund Inc,,Boulder,CO,80304,,,,,,,,,,,,
Motus Theater,,Boulder,CO,80304,,,,,,,,,,,,
Mount Zion Lutheran Church & School,,Boulder,CO,80304,,,,,,,,,,,,
Mountain Flower Urban Goat Dairy,,Boulder,CO,80304,,,,,,,,,,,,
Namaste Solar Foundation Inc,,Boulder,CO,80304,,,,,,,,,,,,
Namdrol Ling,,Boulder,CO,80304,,,,,,,,,,,,
Nami Boulder County Inc,,Boulder,CO,80304,,,,,,,,,,,,
Natural Transitions Funeral Guidance,,Boulder,CO,80304,,,,,,,,,,,,
New Horizons School,,Boulder,CO,80304,,,,,,,,,,,,
Nobo Art District,,Boulder,CO,80304,,,,,,,,,,,,
Northern Star Charities,,Boulder,CO,80304,,,,,,,,,,,,
One Act A Day,,Boulder,CO,80304,,,,,,,,,,,,
Osho Zeenat Foundation,,Boulder,CO,80304,,,,,,,,,,,,
Passageways Institute Inc,,Boulder,CO,80304,,,,,,,,,,,,
Path Of The Heart,,Boulder,CO,80304,,,,,,,,,,,,
Peace Lutheran Church,,Boulder,CO,80304,,,,,,,,,,,,
People S Climate Of Colorado Incorporated,,Boulder,CO,80304,,,,,,,,,,,,
Philanthropy Project,,Boulder,CO,80304,,,,,,,,,,,,
Pine Brook Hills Community Fund,,Boulder,CO,80304,,,,,,,,,,,,
Pine Brook Hills Homeowners Association Inc,,Boulder,CO,80304,,,,,,,,,,,,
Piste Foundation,,Boulder,CO,80304,,,,,,,,,,,,
Pp3cloud,,Boulder,CO,80304,,,,,,,,,,,,
Protect Our Winters,,Boulder,CO,80304,,,,,,,,,,,,
Qalandar School,,Boulder,CO,80304,,,,,,,,,,,,
Reachout Crestview,,Boulder,CO,80304,,,,,,,,,,,,
Reclaimtheamericandreamorg,,Boulder,CO,80304,,,,,,,,,,,,
Recovery Trust,,Boulder,CO,80304,,,,,,,,,,,,
Richard And Joan Ringoen Family Foundation Inc,,Boulder,CO,80304,,,,,,,,,,,,
Ridgeview Fund,,Boulder,CO,80304,,,,,,,,,,,,
Right Use Of Power Institute,,Boulder,CO,80304,,,,,,,,,,,,
Rocky Mountain Chorale,,Boulder,CO,80304,,,,,,,,,,,,
Rocky Mountain Church Of Christ Of Boulder,,Boulder,CO,80304,,,,,,,,,,,,
Rocky Mountain Climbers Club Of Colorado,,Boulder,CO,80304,,,,,,,,,,,,
Rocky Mountain Peace And Justice Center,,Boulder,CO,80304,,,,,,,,,,,,
Rocky Ridge Music Center Foundation,,Boulder,CO,80304,,,,,,,,,,,,
Round Window Institute,,Boulder,CO,80304,,,,,,,,,,,,
Sadhana Ashram Inc C/o Steve Sabine,,Boulder,CO,80304,,,,,,,,,,,,
Safehouse Progressive Alliance For Nonviolence Inc,,Boulder,CO,80304,,,,,,,,,,,,
Satori Institute,,Boulder,CO,80304,,,,,,,,,,,,
School Of Eating Good,,Boulder,CO,80304,,,,,,,,,,,,
Seeds Of Wellness Inc,,Boulder,CO,80304,,,,,,,,,,,,
Shanti Childrens Foundation,,Boulder,CO,80304,,,,,,,,,,,,
Sibinacocha Watershed Project,,Boulder,CO,80304,,,,,,,,,,,,
Siddha Yoga Dham Boulder Inc,,Boulder,CO,80304,,,,,,,,,,,,
Snow Lion School,,Boulder,CO,80304,,,,,,,,,,,,
Society Boulder,,Boulder,CO,80304,,,,,,,,,,,,
Solstice Institute,,Boulder,CO,80304,,,,,,,,,,,,
Southwest Energy Efficiency Project Llc,,Boulder,CO,80304,,,,,,,,,,,,
Spiritual Assembly Of The Bahais Of Boulder,,Boulder,CO,80304,,,,,,,,,,,,
Sprinces Wong Fam Foundation,,Boulder,CO,80304,,,,,,,,,,,,
Spring Valley Mutual Water Association,,Boulder,CO,80304,,,,,,,,,,,,
St Peters Church Inc,,Boulder,CO,80304,,,,,,,,,,,,
Stan Mckee Reading Foundation Inc,,Boulder,CO,80304,,,,,,,,,,,,
Star Inspired Foundation,,Boulder,CO,80304,,,,,,,,,,,,
Starting Line Foundation,,Boulder,CO,80304,,,,,,,,,,,,
Student And Education Support Association Inc,,Boulder,CO,80304,,,,,,,,,,,,
Subud United States Of America,,Boulder,CO,80304,,,,,,,,,,,,
Sustainable Alliances Inc,,Boulder,CO,80304,,,,,,,,,,,,
Sustainable Schools International,,Boulder,CO,80304,,,,,,,,,,,,
Swift Cycling,,Boulder,CO,80304,,,,,,,,,,,,
Taps Are Talking Inc,,Boulder,CO,80304,,,,,,,,,,,,
Tara Institute Of The Performing Arts Incorporated,,Boulder,CO,80304,,,,,,,,,,,,
Tesseract Productions,,Boulder,CO,80304,,,,,,,,,,,,
The Caruso Foundation,,Boulder,CO,80304,,,,,,,,,,,,
The Cohousing Association Of The Us,,Boulder,CO,80304,,,,,,,,,,,,
The International Wilderness Leadership Foundation Inc,,Boulder,CO,80304,,,,,,,,,,,,
Tiegs Foundation Inc,,Boulder,CO,80304,,,,,,,,,,,,
Tikkun,,Boulder,CO,80304,,,,,,,,,,,,
Udiyan Maitreya Kosha,,Boulder,CO,80304,,,,,,,,,,,,
United States Power Squadrons,,Boulder,CO,80304,,,,,,,,,,,,
Unity Of Boulder,,Boulder,CO,80304,,,,,,,,,,,,
Urban River Society Incorporated,,Boulder,CO,80304,,,,,,,,,,,,
Village Dreams,,Boulder,CO,80304,,,,,,,,,,,,
Waldorf School Association Of Boulder Inc,,Boulder,CO,80304,,,,,,,,,,,,
Warmshowers Org,,Boulder,CO,80304,,,,,,,,,,,,
Watershed School Inc,,Boulder,CO,80304,,,,,,,,,,,,
Weatherspoon Charitable Foundation,,Boulder,CO,80304,,,,,,,,,,,,
Windhorse Guild Inc,,Boulder,CO,80304,,,,,,,,,,,,
Wisdom Factors International,,Boulder,CO,80304,,,,,,,,,,,,
Women Work Together,,Boulder,CO,80304,,,,,,,,,,,,
Wright Family Foundation,,Boulder,CO,80304,,,,,,,,,,,,
Wright Paleohydrological Institute,,Boulder,CO,80304,,,,,,,,,,,,
Zenko International,,Boulder,CO,80304,,,,,,,,,,,,
Acres Of Hope,,Longmont,CO,80503,,,,,,,,,,,,
American Association Of University Women,,Longmont,CO,80503,,,,,,,,,,,,
American Volkssport Association Inc,,Longmont,CO,80503,,,,,,,,,,,,
Apostolic Church In Jesus Name,,Longmont,CO,80503,,,,,,,,,,,,
Asian-pacific Association Of Longmont,,Longmont,CO,80503,,,,,,,,,,,,
Aspen Leaf Foundation,,Longmont,CO,80503,,,,,,,,,,,,
Believe Ranch And Rescue,,Longmont,CO,80503,,,,,,,,,,,,
Benevolence Retreat Society,,Longmont,CO,80503,,,,,,,,,,,,
Beth Ami,,Longmont,CO,80503,,,,,,,,,,,,
Blacks In Government,,Longmont,CO,80503,,,,,,,,,,,,
Boco Baseball Inc,,Longmont,CO,80503,,,,,,,,,,,,
Bodhisattva International Institute,,Longmont,CO,80503,,,,,,,,,,,,
Boulder Alano Club,,Longmont,CO,80503,,,,,,,,,,,,
Boulder Area Alumnae Panhellenic Philanthropy,,Longmont,CO,80503,,,,,,,,,,,,
Boulder Broomfield Foster Adoptive Family Association,,Longmont,CO,80503,,,,,,,,,,,,
Brotherhood Of Locomotive Engineers And Trainmen,,Longmont,CO,80503,,,,,,,,,,,,
Burrell Family Foundation,,Longmont,CO,80503,,,,,,,,,,,,
C R E A T E Globally,,Longmont,CO,80503,,,,,,,,,,,,
Cameroon Development Fund Inc,,Longmont,CO,80503,,,,,,,,,,,,
Caring About People,,Longmont,CO,80503,,,,,,,,,,,,
Catte Inc,,Longmont,CO,80503,,,,,,,,,,,,
Centre For Rural Development - Africa,,Longmont,CO,80503,,,,,,,,,,,,
Church Of Inner Light,,Longmont,CO,80503,,,,,,,,,,,,
Cleft Of The Rock,,Longmont,CO,80503,,,,,,,,,,,,
Colorado Horse Rescue,,Longmont,CO,80503,,,,,,,,,,,,
Colorado Tennis Cricket League,,Longmont,CO,80503,,,,,,,,,,,,
Commonsensetodayorg,,Longmont,CO,80503,,,,,,,,,,,,
Country Dance & Song Society Inc,,Longmont,CO,80503,,,,,,,,,,,,
Deep Water Soul Care,,Longmont,CO,80503,,,,,,,,,,,,
Delta Kappa Gamma Society,,Longmont,CO,80503,,,,,,,,,,,,
Delta Kappa Gamma Society International,,Longmont,CO,80503,,,,,,,,,,,,
Desiderata Educational Resource And Research Corporation,,Longmont,CO,80503,,,,,,,,,,,,
Dodge Family Fund,,Longmont,CO,80503,,,,,,,,,,,,
Don And Carol Schmidgall Family Foundation Inc,,Longmont,CO,80503,,,,,,,,,,,,
Dr C W Bixler Family Foundation,,Longmont,CO,80503,,,,,,,,,,,,
Druidawn Academy Inc,,Longmont,CO,80503,,,,,,,,,,,,
Drylands Agroecology Research Foundation,,Longmont,CO,80503,,,,,,,,,,,,
E4 Project Inc,,Longmont,CO,80503,,,,,,,,,,,,
Eagle Crest Elementary Parent Teacher Organization,,Longmont,CO,80503,,,,,,,,,,,,
Earth Tribe Ranch,,Longmont,CO,80503,,,,,,,,,,,,
Elim Tabernacle Of Christ,,Longmont,CO,80503,,,,,,,,,,,,
Fairy Ring Garden Inc,,Longmont,CO,80503,,,,,,,,,,,,
Familia A Familia,,Longmont,CO,80503,,,,,,,,,,,,
Firehouse Ministries Llc,,Longmont,CO,80503,,,,,,,,,,,,
Foundation For A Better Economy,,Longmont,CO,80503,,,,,,,,,,,,
Friends Of Vance Brand Airport Inc,,Longmont,CO,80503,,,,,,,,,,,,
From Nest To Wings Inc,,Longmont,CO,80503,,,,,,,,,,,,
Front Range Hippotherapy Inc,,Longmont,CO,80503,,,,,,,,,,,,
Front Range Orthopedic Foundation,,Longmont,CO,80503,,,,,,,,,,,,
Gafner Family Foundation,,Longmont,CO,80503,,,,,,,,,,,,
Garden Bloggers Fling Of Denver,,Longmont,CO,80503,,,,,,,,,,,,
Grace Evangelical Free Church Of Longmont Co,,Longmont,CO,80503,,,,,,,,,,,,
Grassroots St Vrain Inc,,Longmont,CO,80503,,,,,,,,,,,,
Hakes Wiland Christian Foundation,,Longmont,CO,80503,,,,,,,,,,,,
Health And Ed 4 Nepal Inc,,Longmont,CO,80503,,,,,,,,,,,,
Hoe And Hope Garden Club Inc,,Longmont,CO,80503,,,,,,,,,,,,
Home Ownership Preservation Centerfor The Disabled,,Longmont,CO,80503,,,,,,,,,,,,
Hover Community Inc,,Longmont,CO,80503,,,,,,,,,,,,
Hover Village Inc,,Longmont,CO,80503,,,,,,,,,,,,
Hygiene Pto Inc,,Longmont,CO,80503,,,,,,,,,,,,
Indigo Foundation,,Longmont,CO,80503,,,,,,,,,,,,
Institute For Experiential Brainbody Research,,Longmont,CO,80503,,,,,,,,,,,,
Integrity Foundation Inc,,Longmont,CO,80503,,,,,,,,,,,,
International Association Of Lions Clubs,,Longmont,CO,80503,,,,,,,,,,,,
Join A Revolution Educate Drummers And Other Musicians,,Longmont,CO,80503,,,,,,,,,,,,
Jon Rudolph Memorial Foundation,,Longmont,CO,80503,,,,,,,,,,,,
Katherine And Charles Hover Green Houses Inc,,Longmont,CO,80503,,,,,,,,,,,,
Knick O Time Horse Rescue And Rehabilitation,,Longmont,CO,80503,,,,,,,,,,,,
Lake Ditch Co,,Longmont,CO,80503,,,,,,,,,,,,
Lebor Family Foundation Inc,,Longmont,CO,80503,,,,,,,,,,,,
Left Hand Valley Lake Association,,Longmont,CO,80503,,,,,,,,,,,,
Lets Be Ready,,Longmont,CO,80503,,,,,,,,,,,,
Longmont Astronomical Society,,Longmont,CO,80503,,,,,,,,,,,,
Longmont Christian Fellowship,,Longmont,CO,80503,,,,,,,,,,,,
Longmont Estates Elementary School Pto,,Longmont,CO,80503,,,,,,,,,,,,
Longmont Food Rescue,,Longmont,CO,80503,,,,,,,,,,,,
Longmont Youth Sports Organization,,Longmont,CO,80503,,,,,,,,,,,,
Longmont Zephyrs Inc,,Longmont,CO,80503,,,,,,,,,,,,
M I T Alumni Of Colorado,,Longmont,CO,80503,,,,,,,,,,,,
Magic Classrooms,,Longmont,CO,80503,,,,,,,,,,,,
Mentoring The Youth Foundation Inc,,Longmont,CO,80503,,,,,,,,,,,,
Metro West Minnesota Branch Of The American Association Of University,,Longmont,CO,80503,,,,,,,,,,,,
Milas Miracle Foundation Inc,,Longmont,CO,80503,,,,,,,,,,,,
Milonee Of Colorado,,Longmont,CO,80503,,,,,,,,,,,,
Mindfulness Peace Project,,Longmont,CO,80503,,,,,,,,,,,,
Moms Club,,Longmont,CO,80503,,,,,,,,,,,,
Natural Capitalism Solutions Inc,,Longmont,CO,80503,,,,,,,,,,,,
Navy Seabee Veterans Of America,,Longmont,CO,80503,,,,,,,,,,,,
New Hinman Ditch Company,,Longmont,CO,80503,,,,,,,,,,,,
Next Wave Foundation,,Longmont,CO,80503,,,,,,,,,,,,
Niwot Baseball Inc,,Longmont,CO,80503,,,,,,,,,,,,
Niwot Elementary School Parent Teacher Advisory Council Inc,,Longmont,CO,80503,,,,,,,,,,,,
Niwot Softball Inc,,Longmont,CO,80503,,,,,,,,,,,,
Orley And Sheila Paxton Fundation,,Longmont,CO,80503,,,,,,,,,,,,
Paid In Full Ministries Inc,,Longmont,CO,80503,,,,,,,,,,,,
Parenteral Drug Association Inc,,Longmont,CO,80503,,,,,,,,,,,,
Partners For Humam Progress Inc,,Longmont,CO,80503,,,,,,,,,,,,
Pcdc Boosters Inc,,Longmont,CO,80503,,,,,,,,,,,,
Peopleweaver Inc,,Longmont,CO,80503,,,,,,,,,,,,
Philanthropiece Foundation Inc,,Longmont,CO,80503,,,,,,,,,,,,
Professional Foundation Inc,,Longmont,CO,80503,,,,,,,,,,,,
Quaking Aspen Quilt Guild,,Longmont,CO,80503,,,,,,,,,,,,
Radical Love Foundation,,Longmont,CO,80503,,,,,,,,,,,,
Raptor Activity Booster Club,,Longmont,CO,80503,,,,,,,,,,,,
Real Realty Colorado Cares,,Longmont,CO,80503,,,,,,,,,,,,
Rocky Mountain Christian Academy,,Longmont,CO,80503,,,,,,,,,,,,
Rocky Mountain Christian Church,,Longmont,CO,80503,,,,,,,,,,,,
Rocky Mountain Equi-rhythm-horses Balancing Hearts,,Longmont,CO,80503,,,,,,,,,,,,
Rush Basketball Club Inc,,Longmont,CO,80503,,,,,,,,,,,,
Rustic Ridge Association Inc,,Longmont,CO,80503,,,,,,,,,,,,
S W Friedman Foundation Inc,,Longmont,CO,80503,,,,,,,,,,,,
Save Lives And Injuries Now Inc,,Longmont,CO,80503,,,,,,,,,,,,
Shepherd Valley School & Garden Inc,,Longmont,CO,80503,,,,,,,,,,,,
Silver Creek Education Foundation,,Longmont,CO,80503,,,,,,,,,,,,
Silver Creek Organization For Performing Arts,,Longmont,CO,80503,,,,,,,,,,,,
Sound Circle Eurythmy,,Longmont,CO,80503,,,,,,,,,,,,
Southern Mutts Rescue Inc,,Longmont,CO,80503,,,,,,,,,,,,
St Francis Of Assisi Catholic Church,,Longmont,CO,80503,,,,,,,,,,,,
Straight From The Heart,,Longmont,CO,80503,,,,,,,,,,,,
Sunrise Ministries Inc,,Longmont,CO,80503,,,,,,,,,,,,
Sunsation Inc,,Longmont,CO,80503,,,,,,,,,,,,
Terra Foundation Inc,,Longmont,CO,80503,,,,,,,,,,,,
The Boulder New Church School,,Longmont,CO,80503,,,,,,,,,,,,
The Danan Schufman Scholarship Fund Inc,,Longmont,CO,80503,,,,,,,,,,,,
The Freebsd Foundation,,Longmont,CO,80503,,,,,,,,,,,,
The Jorgensen Foundation,,Longmont,CO,80503,,,,,,,,,,,,
The Palmerton Consolidated Ditch Company,,Longmont,CO,80503,,,,,,,,,,,,
The Pearson Foundation Inc,,Longmont,CO,80503,,,,,,,,,,,,
Toastmaster International,,Longmont,CO,80503,,,,,,,,,,,,
Vinelife Community Church Inc,,Longmont,CO,80503,,,,,,,,,,,,
Warrior Storyfield,,Longmont,CO,80503,,,,,,,,,,,,
Wellness International Missions Inc,,Longmont,CO,80503,,,,,,,,,,,,
Wilderness Warrior Project,,Longmont,CO,80503,,,,,,,,,,,,
Willow Farms Inc,,Longmont,CO,80503,,,,,,,,,,,,
Wolf Mountain Foundation,,Longmont,CO,80503,,,,,,,,,,,,
Womens Business Development Center,,Longmont,CO,80503,,,,,,,,,,,,
Womens International Niwot Club,,Longmont,CO,80503,,,,,,,,,,,,
Worldviews Calling & Culture Inc,,Longmont,CO,80503,,,,,,,,,,,,
109 World Inc,,Boulder,CO,80302,,,,,,,,,,,,
5280 Explorers,,Boulder,CO,80302,,,,,,,,,,,,
5430 Kids Tennis Foundation,,Boulder,CO,80302,,,,,,,,,,,,
Academy Charitable Foundation Inc,,Boulder,CO,80302,,,,,,,,,,,,
Access Opportunity,,Boulder,CO,80302,,,,,,,,,,,,
Affordable Housing Alliance Inc,,Boulder,CO,80302,,,,,,,,,,,,
Airlink Amateur Radio Group,,Boulder,CO,80302,,,,,,,,,,,,
Alan Lasater Outreach Foundation,,Boulder,CO,80302,,,,,,,,,,,,
Alexia Parks 10traits Leadership Institute,,Boulder,CO,80302,,,,,,,,,,,,
Alpha Chi Omega Fraternity Inc,,Boulder,CO,80302,,,,,,,,,,,,
Alpha Delta Phi Colorado Chapter,,Boulder,CO,80302,,,,,,,,,,,,
Alpha Kappa Psi Fraternity,,Boulder,CO,80302,,,,,,,,,,,,
Alpha Phi Omega,,Boulder,CO,80302,,,,,,,,,,,,
Alpha Sigma Phi Fraternity Inc,,Boulder,CO,80302,,,,,,,,,,,,
American Solar Energy Society Inc,,Boulder,CO,80302,,,,,,,,,,,,
Americas For The Arts,,Boulder,CO,80302,,,,,,,,,,,,
Anchor Point Foundation,,Boulder,CO,80302,,,,,,,,,,,,
Animal Vegetable Mineral Inc,,Boulder,CO,80302,,,,,,,,,,,,
Animal Watch,,Boulder,CO,80302,,,,,,,,,,,,
Anthony And Dorothy Riddle Family Foundation,,Boulder,CO,80302,,,,,,,,,,,,
Association Of Energy Engineers Inc,,Boulder,CO,80302,,,,,,,,,,,,
Association Of North American Professional Road Cyclists,,Boulder,CO,80302,,,,,,,,,,,,
Attention Inc,,Boulder,CO,80302,,,,,,,,,,,,
Autism Society Of America-boulder County Inc,,Boulder,CO,80302,,,,,,,,,,,,
Band Of Toughs,,Boulder,CO,80302,,,,,,,,,,,,
Believe In Miracles,,Boulder,CO,80302,,,,,,,,,,,,
Benedict Miller Foundation,,Boulder,CO,80302,,,,,,,,,,,,
Beta Mu Building And Alumnae Association,,Boulder,CO,80302,,,,,,,,,,,,
Big Green,,Boulder,CO,80302,,,,,,,,,,,,
Billion People Project,,Boulder,CO,80302,,,,,,,,,,,,
Bjb Charitable Account,,Boulder,CO,80302,,,,,,,,,,,,
Blueplacard Inc,,Boulder,CO,80302,,,,,,,,,,,,
Bolder World Foundation,,Boulder,CO,80302,,,,,,,,,,,,
Boulder - Ramat Hanegev Sister City Initiative,,Boulder,CO,80302,,,,,,,,,,,,
Boulder Center For The Performing Arts Inc,,Boulder,CO,80302,,,,,,,,,,,,
Boulder Chamber Of Commerce,,Boulder,CO,80302,,,,,,,,,,,,
Boulder Climbing Community,,Boulder,CO,80302,,,,,,,,,,,,
Boulder Contact Lab,,Boulder,CO,80302,,,,,,,,,,,,
Boulder Convention And Visitors Bureau,,Boulder,CO,80302,,,,,,,,,,,,
Boulder County Aids Project,,Boulder,CO,80302,,,,,,,,,,,,
Boulder County Arts Alliance Inc,,Boulder,CO,80302,,,,,,,,,,,,
Boulder County Bar Association,,Boulder,CO,80302,,,,,,,,,,,,
Boulder County Bar Foundation,,Boulder,CO,80302,,,,,,,,,,,,
Boulder County Farmers Market,,Boulder,CO,80302,,,,,,,,,,,,
Boulder County Fire Fighters Association,,Boulder,CO,80302,,,,,,,,,,,,
Boulder Day Nursery,,Boulder,CO,80302,,,,,,,,,,,,
Boulder Ensemble Theatre Company,,Boulder,CO,80302,,,,,,,,,,,,
Boulder Flatirons Rotary Foundation A Nonprofit Corporation,,Boulder,CO,80302,,,,,,,,,,,,
Boulder Food And Wine Festival Nfp,,Boulder,CO,80302,,,,,,,,,,,,
Boulder Green Building Foundation,,Boulder,CO,80302,,,,,,,,,,,,
Boulder Green Building Guild,,Boulder,CO,80302,,,,,,,,,,,,
Boulder High School Music Parents Association,,Boulder,CO,80302,,,,,,,,,,,,
Boulder High School Panther Club,,Boulder,CO,80302,,,,,,,,,,,,
Boulder Historical Society Inc,,Boulder,CO,80302,,,,,,,,,,,,
Boulder Hospice Foundation,,Boulder,CO,80302,,,,,,,,,,,,
Boulder Housing Coalition,,Boulder,CO,80302,,,,,,,,,,,,
Boulder Interdisciplinary Committee,,Boulder,CO,80302,,,,,,,,,,,,
Boulder International Fringe Festival Inc,,Boulder,CO,80302,,,,,,,,,,,,
Boulder Kathmandu Sister City Project,,Boulder,CO,80302,,,,,,,,,,,,
Boulder Museum Of Contemporary Art,,Boulder,CO,80302,,,,,,,,,,,,
Boulder Philharmonic Orchestra,,Boulder,CO,80302,,,,,,,,,,,,
Boulder Presbyterian Housing Inc,,Boulder,CO,80302,,,,,,,,,,,,
Boulder Public Library Foundation Inc,,Boulder,CO,80302,,,,,,,,,,,,
Boulder Sister Cities Program,,Boulder,CO,80302,,,,,,,,,,,,
Boulder Synchronized Swimming Association Inc,,Boulder,CO,80302,,,,,,,,,,,,
Boulder Treasures Inc,,Boulder,CO,80302,,,,,,,,,,,,
Boulder United Methodist Missionpartners Bummp Inc,,Boulder,CO,80302,,,,,,,,,,,,
Boulder Valley Rotary Foundation,,Boulder,CO,80302,,,,,,,,,,,,
Boulder Writing Studio,,Boulder,CO,80302,,,,,,,,,,,,
Bouldershares,,Boulder,CO,80302,,,,,,,,,,,,
Bowana Foundation,,Boulder,CO,80302,,,,,,,,,,,,
Brett Family Foundation,,Boulder,CO,80302,,,,,,,,,,,,
Bridge To Justice,,Boulder,CO,80302,,,,,,,,,,,,
Building Cooperative,,Boulder,CO,80302,,,,,,,,,,,,
Caribbean Coral Restoration Center,,Boulder,CO,80302,,,,,,,,,,,,
Celebrate Autism Inc,,Boulder,CO,80302,,,,,,,,,,,,
Center For Better Education,,Boulder,CO,80302,,,,,,,,,,,,
Chabad Center At University Of Colorado Inc,,Boulder,CO,80302,,,,,,,,,,,,
Cherryvale Elder Housing,,Boulder,CO,80302,,,,,,,,,,,,
Chh Charitable Trust,,Boulder,CO,80302,,,,,,,,,,,,
Chi Omega Fraternity,,Boulder,CO,80302,,,,,,,,,,,,
Chi Omega House Association Zeta,,Boulder,CO,80302,,,,,,,,,,,,
Church Of Faith And Hope,,Boulder,CO,80302,,,,,,,,,,,,
Church Of The Merrimen,,Boulder,CO,80302,,,,,,,,,,,,
Cipa Education And Literacy Foundation,,Boulder,CO,80302,,,,,,,,,,,,
Clean Sport Collective,,Boulder,CO,80302,,,,,,,,,,,,
Co Labs Inc,,Boulder,CO,80302,,,,,,,,,,,,
Colorado Chautauqua Association,,Boulder,CO,80302,,,,,,,,,,,,
Colorado Chi Chapter Of Sigma Alpha Epsilon,,Boulder,CO,80302,,,,,,,,,,,,
Colorado Healthcare Ethics Forum Inc,,Boulder,CO,80302,,,,,,,,,,,,
Colorado Masterworks Chorus,,Boulder,CO,80302,,,,,,,,,,,,
Colorado Mountain Horse Rescue,,Boulder,CO,80302,,,,,,,,,,,,
Colorado Music Festival,,Boulder,CO,80302,,,,,,,,,,,,
Colorado Music Festival Endowment Fund,,Boulder,CO,80302,,,,,,,,,,,,
Colorado Regional Meeting Of The Religious Society Of Friends,,Boulder,CO,80302,,,,,,,,,,,,
Conscious Alliance,,Boulder,CO,80302,,,,,,,,,,,,
Conservantion,,Boulder,CO,80302,,,,,,,,,,,,
Dairy Center For The Arts,,Boulder,CO,80302,,,,,,,,,,,,
Danelle Helander & The Company Inc,,Boulder,CO,80302,,,,,,,,,,,,
De Chen Yon Ten Dzo Meditation Center,,Boulder,CO,80302,,,,,,,,,,,,
Delta Sigma Phi Fraternity Inc,,Boulder,CO,80302,,,,,,,,,,,,
Democratic Women Of Boulder County,,Boulder,CO,80302,,,,,,,,,,,,
Dglobalorg,,Boulder,CO,80302,,,,,,,,,,,,
Dharma Ocean Foundation,,Boulder,CO,80302,,,,,,,,,,,,
Douglas And Abby Brown Family Foundation,,Boulder,CO,80302,,,,,,,,,,,,
Downtown Boulder Foundation Inc,,Boulder,CO,80302,,,,,,,,,,,,
Downtown Boulder Partnership,,Boulder,CO,80302,,,,,,,,,,,,
E Town,,Boulder,CO,80302,,,,,,,,,,,,
Ecclesia,,Boulder,CO,80302,,,,,,,,,,,,
Ecological Consultants For The Public Interest,,Boulder,CO,80302,,,,,,,,,,,,
El Centro Amistad,,Boulder,CO,80302,,,,,,,,,,,,
Elephant Talk,,Boulder,CO,80302,,,,,,,,,,,,
Enneagram Studies In The Narrative Tradition,,Boulder,CO,80302,,,,,,,,,,,,
Entrepreneurial Foundation,,Boulder,CO,80302,,,,,,,,,,,,
Environmental Center Of The Rockies,,Boulder,CO,80302,,,,,,,,,,,,
Episcopal Ministries At University Of Colorado Boulder,,Boulder,CO,80302,,,,,,,,,,,,
Eta Gamma Housing Corporation,,Boulder,CO,80302,,,,,,,,,,,,
Expression Of Life Foundation Inc,,Boulder,CO,80302,,,,,,,,,,,,
Faith4all,,Boulder,CO,80302,,,,,,,,,,,,
First Congregational Church Of Boulder Foundation,,Boulder,CO,80302,,,,,,,,,,,,
First Presbyterian Preschool Of Boulder Inc,,Boulder,CO,80302,,,,,,,,,,,,
Five Circles Inc,,Boulder,CO,80302,,,,,,,,,,,,
Flatirons Elementary Pto,,Boulder,CO,80302,,,,,,,,,,,,
Flint Ministries Inc,,Boulder,CO,80302,,,,,,,,,,,,
Fox Institute For Creation Spirituality,,Boulder,CO,80302,,,,,,,,,,,,
Friends Of Colorado Usar,,Boulder,CO,80302,,,,,,,,,,,,
Gamechanger Foundation Inc,,Boulder,CO,80302,,,,,,,,,,,,
Gamma Phi Beta Sorority Inc,,Boulder,CO,80302,,,,,,,,,,,,
Geoexplorers Nonprofit Corporation,,Boulder,CO,80302,,,,,,,,,,,,
Give Back Yoga Foundation,,Boulder,CO,80302,,,,,,,,,,,,
Glider,,Boulder,CO,80302,,,,,,,,,,,,
Gold Hill Town Meeting Inc,,Boulder,CO,80302,,,,,,,,,,,,
Golok Scholarship Foundation,,Boulder,CO,80302,,,,,,,,,,,,
Gratis 7 Media Group Inc,,Boulder,CO,80302,,,,,,,,,,,,
Green Streets,,Boulder,CO,80302,,,,,,,,,,,,
Greenhouse Scholars,,Boulder,CO,80302,,,,,,,,,,,,
Hammond Boys And Girls Center,,Boulder,CO,80302,,,,,,,,,,,,
Hcfc1 International Research Foundation,,Boulder,CO,80302,,,,,,,,,,,,
Her Many Voices Foundation,,Boulder,CO,80302,,,,,,,,,,,,
Hill Boulder Merchant Association Inc,,Boulder,CO,80302,,,,,,,,,,,,
His Original Design,,Boulder,CO,80302,,,,,,,,,,,,
Historic Boulder Inc,,Boulder,CO,80302,,,,,,,,,,,,
Historic Gold Hill Inc,,Boulder,CO,80302,,,,,,,,,,,,
Humanwire 501,,Boulder,CO,80302,,,,,,,,,,,,
Hydroecologic Research,,Boulder,CO,80302,,,,,,,,,,,,
Iempathize,,Boulder,CO,80302,,,,,,,,,,,,
Immersion Journals,,Boulder,CO,80302,,,,,,,,,,,,
Impact Hub Academy,,Boulder,CO,80302,,,,,,,,,,,,
Inliners International Inc,,Boulder,CO,80302,,,,,,,,,,,,
Institute For Alliances,,Boulder,CO,80302,,,,,,,,,,,,
Institute For Cultural Evolution,,Boulder,CO,80302,,,,,,,,,,,,
Institute Of Advanced Diagnostics Corp,,Boulder,CO,80302,,,,,,,,,,,,
International Institute For Simplified Kundalini Yoga,,Boulder,CO,80302,,,,,,,,,,,,
International Jazz Advocacy Missioninc,,Boulder,CO,80302,,,,,,,,,,,,
International Research Center For Energy & Economic Development,,Boulder,CO,80302,,,,,,,,,,,,
International Society For Krishna Consciousness Of Boulder Inc,,Boulder,CO,80302,,,,,,,,,,,,
International Society For Media Religion And Culture,,Boulder,CO,80302,,,,,,,,,,,,
Interweave Dance Theatre Of Boulder Inc,,Boulder,CO,80302,,,,,,,,,,,,
Jackling Foundation,,Boulder,CO,80302,,,,,,,,,,,,
Jared Polis Foundation,,Boulder,CO,80302,,,,,,,,,,,,
Jesusonian Foundation,,Boulder,CO,80302,,,,,,,,,,,,
Joseph Russo Foundation,,Boulder,CO,80302,,,,,,,,,,,,
Kammerer Foundation,,Boulder,CO,80302,,,,,,,,,,,,
Kappa Alpha Theta Fraternity,,Boulder,CO,80302,,,,,,,,,,,,
Kappa Kappa Gamma Fraternity Inc,,Boulder,CO,80302,,,,,,,,,,,,
Kappa Sigma Fraternity,,Boulder,CO,80302,,,,,,,,,,,,
Kappa Sigma Fraternity 343,,Boulder,CO,80302,,,,,,,,,,,,
Kedumah Institute,,Boulder,CO,80302,,,,,,,,,,,,
Kenney-west Fund Ltd,,Boulder,CO,80302,,,,,,,,,,,,
Kesho Fund,,Boulder,CO,80302,,,,,,,,,,,,
Klein Frank Foundation,,Boulder,CO,80302,,,,,,,,,,,,
Klug Content Group Inc,,Boulder,CO,80302,,,,,,,,,,,,
Knights Of Columbus,,Boulder,CO,80302,,,,,,,,,,,,
Konchok Foundation,,Boulder,CO,80302,,,,,,,,,,,,
L P Brown Foundation,,Boulder,CO,80302,,,,,,,,,,,,
La Lumiere Foundation,,Boulder,CO,80302,,,,,,,,,,,,
Lambda Chi Alpha Fraternity Inc,,Boulder,CO,80302,,,,,,,,,,,,
Learning For Living Institute,,Boulder,CO,80302,,,,,,,,,,,,
Let S Play,,Boulder,CO,80302,,,,,,,,,,,,
Library People-friends Of Colorado Libraries,,Boulder,CO,80302,,,,,,,,,,,,
Little Pockets,,Boulder,CO,80302,,,,,,,,,,,,
Lutheran Campus Ministry At The University Of Colorado,,Boulder,CO,80302,,,,,,,,,,,,
Maji Safi Group,,Boulder,CO,80302,,,,,,,,,,,,
Manny Feder Memorial Foundation,,Boulder,CO,80302,,,,,,,,,,,,
Mariposa Collective,,Boulder,CO,80302,,,,,,,,,,,,
Martyred Angels Foundation,,Boulder,CO,80302,,,,,,,,,,,,
Marvin Naiman And Margery Goldman Family Foundation,,Boulder,CO,80302,,,,,,,,,,,,
Meals On Wheels Of Boulder Inc,,Boulder,CO,80302,,,,,,,,,,,,
Mediators Foundation Inc,,Boulder,CO,80302,,,,,,,,,,,,
Mental Health Center Of Boulder County Inc,,Boulder,CO,80302,,,,,,,,,,,,
Merlin Foundation,,Boulder,CO,80302,,,,,,,,,,,,
Mesa Swim Team Inc,,Boulder,CO,80302,,,,,,,,,,,,
Met Ed Co,,Boulder,CO,80302,,,,,,,,,,,,
Mothers And Mentors Alliance,,Boulder,CO,80302,,,,,,,,,,,,
Mountain Majesty Ministries Inc,,Boulder,CO,80302,,,,,,,,,,,,
Mountain Meddlers,,Boulder,CO,80302,,,,,,,,,,,,
Mountain Summers Inc,,Boulder,CO,80302,,,,,,,,,,,,
Naropa University,,Boulder,CO,80302,,,,,,,,,,,,
National American Indian Court Judges Association,,Boulder,CO,80302,,,,,,,,,,,,
Native American Rights Fund,,Boulder,CO,80302,,,,,,,,,,,,
Natural Highs--healthy Alternatives To Drugs And Alcohol,,Boulder,CO,80302,,,,,,,,,,,,
Naturally Boulder Inc,,Boulder,CO,80302,,,,,,,,,,,,
New Voice Strategies,,Boulder,CO,80302,,,,,,,,,,,,
Nexial Institute,,Boulder,CO,80302,,,,,,,,,,,,
Nu Rho Psi-the National Honor Society In Neuroscience,,Boulder,CO,80302,,,,,,,,,,,,
One World Running Inc,,Boulder,CO,80302,,,,,,,,,,,,
Open Source Hardware Association,,Boulder,CO,80302,,,,,,,,,,,,
Opportunity Tree,,Boulder,CO,80302,,,,,,,,,,,,
Pacific Art Society,,Boulder,CO,80302,,,,,,,,,,,,
Parent Advisory Council Of Boulder,,Boulder,CO,80302,,,,,,,,,,,,
Parlando Incorporated,,Boulder,CO,80302,,,,,,,,,,,,
Path Of The Ceremonial Arts,,Boulder,CO,80302,,,,,,,,,,,,
Patriot Boot Camp,,Boulder,CO,80302,,,,,,,,,,,,
Peopleforbikes Coalition Ltd,,Boulder,CO,80302,,,,,,,,,,,,
Peopleforbikes Foundation,,Boulder,CO,80302,,,,,,,,,,,,
Person To Person,,Boulder,CO,80302,,,,,,,,,,,,
Pi Beta Phi Fraternity,,Boulder,CO,80302,,,,,,,,,,,,
Pi Kappa Alpha Fraternity,,Boulder,CO,80302,,,,,,,,,,,,
Pi Kappa Phi Fraternity,,Boulder,CO,80302,,,,,,,,,,,,
Pillar Of Fire Boulder,,Boulder,CO,80302,,,,,,,,,,,,
Porphyry Road Foundation,,Boulder,CO,80302,,,,,,,,,,,,
Project Possum Inc,,Boulder,CO,80302,,,,,,,,,,,,
Project Youth Learning And Leadership,,Boulder,CO,80302,,,,,,,,,,,,
Psychedelic Club,,Boulder,CO,80302,,,,,,,,,,,,
Puzzle Piece Ministries,,Boulder,CO,80302,,,,,,,,,,,,
Queer Asterisk,,Boulder,CO,80302,,,,,,,,,,,,
Quilts For Kids,,Boulder,CO,80302,,,,,,,,,,,,
Radio Frequency Biological Research,,Boulder,CO,80302,,,,,,,,,,,,
Rainbow Sparkle Foundation,,Boulder,CO,80302,,,,,,,,,,,,
Research And Counselling Foundation For African Migrants Recfam Inc,,Boulder,CO,80302,,,,,,,,,,,,
Resident Representative Council Inc,,Boulder,CO,80302,,,,,,,,,,,,
Resource Central,,Boulder,CO,80302,,,,,,,,,,,,
Rocky Mountain Brainspotting Institute,,Boulder,CO,80302,,,,,,,,,,,,
Rocky Mountain Chassidic Center,,Boulder,CO,80302,,,,,,,,,,,,
Rocky Mountain French Bulldog Rescue,,Boulder,CO,80302,,,,,,,,,,,,
Rtc Impact Fund,,Boulder,CO,80302,,,,,,,,,,,,
Running Horse Foundation,,Boulder,CO,80302,,,,,,,,,,,,
Sakyong Potrang,,Boulder,CO,80302,,,,,,,,,,,,
Sakyongs Foundation,,Boulder,CO,80302,,,,,,,,,,,,
Salina Community Association Inc,,Boulder,CO,80302,,,,,,,,,,,,
Scuola Internazionale Della Scultura,,Boulder,CO,80302,,,,,,,,,,,,
Seac Scholarship Fund Inc,,Boulder,CO,80302,,,,,,,,,,,,
Secretariat Foundation Inc,,Boulder,CO,80302,,,,,,,,,,,,
Seisolo Foundation,,Boulder,CO,80302,,,,,,,,,,,,
September Schools Inc,,Boulder,CO,80302,,,,,,,,,,,,
Shambhala International Vajradhatu,,Boulder,CO,80302,,,,,,,,,,,,
Shambhala Usa,,Boulder,CO,80302,,,,,,,,,,,,
Shefah Inc,,Boulder,CO,80302,,,,,,,,,,,,
Sheila Fortune Foundation,,Boulder,CO,80302,,,,,,,,,,,,
Shekhina House,,Boulder,CO,80302,,,,,,,,,,,,
Sigma Tau Gamma Fraternity,,Boulder,CO,80302,,,,,,,,,,,,
Slow Food Usa Inc,,Boulder,CO,80302,,,,,,,,,,,,
Society For Creative Aging,,Boulder,CO,80302,,,,,,,,,,,,
Sogetsu Colorado Branch,,Boulder,CO,80302,,,,,,,,,,,,
Sorenson Family Foundation,,Boulder,CO,80302,,,,,,,,,,,,
Source International Us,,Boulder,CO,80302,,,,,,,,,,,,
Starfall Education Foundation,,Boulder,CO,80302,,,,,,,,,,,,
Startingbloc Nfp,,Boulder,CO,80302,,,,,,,,,,,,
Stories On Stage,,Boulder,CO,80302,,,,,,,,,,,,
Studio Arts Boulder Inc,,Boulder,CO,80302,,,,,,,,,,,,
Sunshine Cemetery Association,,Boulder,CO,80302,,,,,,,,,,,,
Tabitha International,,Boulder,CO,80302,,,,,,,,,,,,
Tau Kappa Epsilon Fraternity Inc,,Boulder,CO,80302,,,,,,,,,,,,
Tcfso,,Boulder,CO,80302,,,,,,,,,,,,
Team Colorado Of The Rockies Inc,,Boulder,CO,80302,,,,,,,,,,,,
The Association Of Brewers Inc,,Boulder,CO,80302,,,,,,,,,,,,
The Boulder Ballet,,Boulder,CO,80302,,,,,,,,,,,,
The Community Foundation,,Boulder,CO,80302,,,,,,,,,,,,
The First Baptist Church Of Boulder Colorado,,Boulder,CO,80302,,,,,,,,,,,,
The Hopper,,Boulder,CO,80302,,,,,,,,,,,,
The Milagro Charitable Supporting Organization,,Boulder,CO,80302,,,,,,,,,,,,
The Orphiflamme Foundation,,Boulder,CO,80302,,,,,,,,,,,,
The Rocky Mountain 356 Porsche Club,,Boulder,CO,80302,,,,,,,,,,,,
The Shine Network Foundation,,Boulder,CO,80302,,,,,,,,,,,,
The Unreasonable Institute,,Boulder,CO,80302,,,,,,,,,,,,
The Upstart Crow Inc,,Boulder,CO,80302,,,,,,,,,,,,
The Wain And Hildegard Stowe Family Foundation Inc,,Boulder,CO,80302,,,,,,,,,,,,
The Well,,Boulder,CO,80302,,,,,,,,,,,,
Theta Beta Delta Delta Delta Building Association Inc,,Boulder,CO,80302,,,,,,,,,,,,
Theta Beta House Corporation Of Delta Delta Delta Fraternity,,Boulder,CO,80302,,,,,,,,,,,,
Theta Xi Fraternity,,Boulder,CO,80302,,,,,,,,,,,,
Third Law Dance-theater Inc,,Boulder,CO,80302,,,,,,,,,,,,
Timely Rain,,Boulder,CO,80302,,,,,,,,,,,,
Toby Wintrub Charitable Foundation,,Boulder,CO,80302,,,,,,,,,,,,
Topplers,,Boulder,CO,80302,,,,,,,,,,,,
Transformation Foundation,,Boulder,CO,80302,,,,,,,,,,,,
Tri For Success,,Boulder,CO,80302,,,,,,,,,,,,
Trinity Commons Housing Corporation,,Boulder,CO,80302,,,,,,,,,,,,
Turning Foundation,,Boulder,CO,80302,,,,,,,,,,,,
Turning The Wheel Productions Inc,,Boulder,CO,80302,,,,,,,,,,,,
United Christian Foundation,,Boulder,CO,80302,,,,,,,,,,,,
University Lutheran Chapel,,Boulder,CO,80302,,,,,,,,,,,,
University Of Colorado Mba Association,,Boulder,CO,80302,,,,,,,,,,,,
University Of Colorado Sailing Team,,Boulder,CO,80302,,,,,,,,,,,,
Us Terrain Park Council Inc,,Boulder,CO,80302,,,,,,,,,,,,
Usa Track & Field Inc,,Boulder,CO,80302,,,,,,,,,,,,
Vajradhatu,,Boulder,CO,80302,,,,,,,,,,,,
Veterans Speak,,Boulder,CO,80302,,,,,,,,,,,,
Vidyadhara Foundation,,Boulder,CO,80302,,,,,,,,,,,,
W W Reynolds Foundation Inc,,Boulder,CO,80302,,,,,,,,,,,,
We Share Earth Inc,,Boulder,CO,80302,,,,,,,,,,,,
Wessell Family Foundation,,Boulder,CO,80302,,,,,,,,,,,,
Western Grace Conference Association,,Boulder,CO,80302,,,,,,,,,,,,
Western Resource Advocates,,Boulder,CO,80302,,,,,,,,,,,,
Wild Mane Ranch,,Boulder,CO,80302,,,,,,,,,,,,
Winer Foundation Inc,,Boulder,CO,80302,,,,,,,,,,,,
World Leadership Foundation Inc,,Boulder,CO,80302,,,,,,,,,,,,
Yesod Foundation,,Boulder,CO,80302,,,,,,,,,,,,
Young Heroes Project,,Boulder,CO,80302,,,,,,,,,,,,
Your English School,,Boulder,CO,80302,,,,,,,,,,,,
Ywca Boulder County,,Boulder,CO,80302,,,,,,,,,,,,
Zero Waste For Zero Loss,,Boulder,CO,80302,,,,,,,,,,,,
Zeta Beta Tau,,Boulder,CO,80302,,,,,,,,,,,,
17742 Foundation,,Boulder,CO,80301,,,,,,,,,,,,
303 Project,,Boulder,CO,80301,,,,,,,,,,,,
84000,,Boulder,CO,80301,,,,,,,,,,,,
Acupuncture Innovation,,Boulder,CO,80301,,,,,,,,,,,,
Aerospace Legacy Engineering And Technology Recovery Organization,,Boulder,CO,80301,,,,,,,,,,,,
Afghans4tomorrow Inc,,Boulder,CO,80301,,,,,,,,,,,,
Afp Consortium,,Boulder,CO,80301,,,,,,,,,,,,
Agile-International,,Boulder,CO,80301,,,,,,,,,,,,
Ahimsa,,Boulder,CO,80301,,,,,,,,,,,,
Alpha Delta Kappa Sorority Inc,,Boulder,CO,80301,,,,,,,,,,,,
American Legion Auxiliary,,Boulder,CO,80301,,,,,,,,,,,,
American Legion Post 0010 Boulder,,Boulder,CO,80301,,,,,,,,,,,,
American Mountain Guides Association,,Boulder,CO,80301,,,,,,,,,,,,
Ancient Free & Accepted Masons Of Colorado,,Boulder,CO,80301,,,,,,,,,,,,
Arrow Journal,,Boulder,CO,80301,,,,,,,,,,,,
Art Sticks,,Boulder,CO,80301,,,,,,,,,,,,
Asia Transpacific Foundation,,Boulder,CO,80301,,,,,,,,,,,,
Athletes With Shoes To Share Inc,,Boulder,CO,80301,,,,,,,,,,,,
Audio Information Network Of Colorado,,Boulder,CO,80301,,,,,,,,,,,,
Authentic Relating International,,Boulder,CO,80301,,,,,,,,,,,,
Avadhuta Foundation,,Boulder,CO,80301,,,,,,,,,,,,
Avancera,,Boulder,CO,80301,,,,,,,,,,,,
Be Zero,,Boulder,CO,80301,,,,,,,,,,,,
Beadforlife,,Boulder,CO,80301,,,,,,,,,,,,
Belize Acute Care And Trauma Surgery,,Boulder,CO,80301,,,,,,,,,,,,
Benevolent & Protective Order Of Elks Of The Usa,,Boulder,CO,80301,,,,,,,,,,,,
Big Life Foundation,,Boulder,CO,80301,,,,,,,,,,,,
Blue Star Mothers Of America Inc,,Boulder,CO,80301,,,,,,,,,,,,
Bohua Chinese School A Colorado Non-profit Corporation,,Boulder,CO,80301,,,,,,,,,,,,
Boulder Cancer Fighters,,Boulder,CO,80301,,,,,,,,,,,,
Boulder Chinese Baptist Church,,Boulder,CO,80301,,,,,,,,,,,,
Boulder Community Broadcast Association Incorporated,,Boulder,CO,80301,,,,,,,,,,,,
Boulder Community Health,,Boulder,CO,80301,,,,,,,,,,,,
Boulder Community Health Foundation,,Boulder,CO,80301,,,,,,,,,,,,
Boulder Community Rowing Inc,,Boulder,CO,80301,,,,,,,,,,,,
Boulder County Amateur Radio Emergency Services Inc,,Boulder,CO,80301,,,,,,,,,,,,
Boulder County Intergroup,,Boulder,CO,80301,,,,,,,,,,,,
Boulder County Medical Society,,Boulder,CO,80301,,,,,,,,,,,,
Boulder County Regional Fire Training Center,,Boulder,CO,80301,,,,,,,,,,,,
Boulder County Rsvp Board Inc,,Boulder,CO,80301,,,,,,,,,,,,
Boulder County Soccer Club,,Boulder,CO,80301,,,,,,,,,,,,
Boulder County Workforce Development Board,,Boulder,CO,80301,,,,,,,,,,,,
Boulder Friends Of Jung,,Boulder,CO,80301,,,,,,,,,,,,
Boulder Masonic Association Inc,,Boulder,CO,80301,,,,,,,,,,,,
Boulder Municipal Sports Center,,Boulder,CO,80301,,,,,,,,,,,,
Boulder Parenting In Diversity,,Boulder,CO,80301,,,,,,,,,,,,
Boulder Police Officers Association,,Boulder,CO,80301,,,,,,,,,,,,
Boulder Preparatory High School,,Boulder,CO,80301,,,,,,,,,,,,
Boulder Rural Firefighter Foundation Inc,,Boulder,CO,80301,,,,,,,,,,,,
Boulder School,,Boulder,CO,80301,,,,,,,,,,,,
Boulder Unit No 359 The American Contract Bridge League,,Boulder,CO,80301,,,,,,,,,,,,
Boulder Valley Womens Health Center Inc,,Boulder,CO,80301,,,,,,,,,,,,
Breast Cancer Survivors And Friends,,Boulder,CO,80301,,,,,,,,,,,,
Briles Family Foundation,,Boulder,CO,80301,,,,,,,,,,,,
Burns Family Foundation,,Boulder,CO,80301,,,,,,,,,,,,
Calvary Bible Evangelical Free Church,,Boulder,CO,80301,,,,,,,,,,,,
Capstone Foundation,,Boulder,CO,80301,,,,,,,,,,,,
Center For People With Disabilities,,Boulder,CO,80301,,,,,,,,,,,,
Center For Space Entrepreneurship,,Boulder,CO,80301,,,,,,,,,,,,
Ceo 4 Teens,,Boulder,CO,80301,,,,,,,,,,,,
Certified Commercial Property Inspectors Association,,Boulder,CO,80301,,,,,,,,,,,,
Chamber Music Society Of Boulder,,Boulder,CO,80301,,,,,,,,,,,,
Charlies Guys,,Boulder,CO,80301,,,,,,,,,,,,
Chef Ann Foundation,,Boulder,CO,80301,,,,,,,,,,,,
Christie Cadwell Foundation,,Boulder,CO,80301,,,,,,,,,,,,
Cindy Brandle Dance Company,,Boulder,CO,80301,,,,,,,,,,,,
Co2 Sciences Inc,,Boulder,CO,80301,,,,,,,,,,,,
Coleman Colorado Foundation,,Boulder,CO,80301,,,,,,,,,,,,
Colorado Association Of Business Intermediaries Inc,,Boulder,CO,80301,,,,,,,,,,,,
Colorado Nepal Youth Club,,Boulder,CO,80301,,,,,,,,,,,,
Colorado Veterans Support Inc,,Boulder,CO,80301,,,,,,,,,,,,
Common Body,,Boulder,CO,80301,,,,,,,,,,,,
Community Cycles,,Boulder,CO,80301,,,,,,,,,,,,
Community Link,,Boulder,CO,80301,,,,,,,,,,,,
Community Restorative Justice Partnership,,Boulder,CO,80301,,,,,,,,,,,,
Computational Thinking Foundation,,Boulder,CO,80301,,,,,,,,,,,,
Conference On Precision Electro-magnetic Measurements,,Boulder,CO,80301,,,,,,,,,,,,
Coogan Sisters,,Boulder,CO,80301,,,,,,,,,,,,
Cool Girls Science And Art Club,,Boulder,CO,80301,,,,,,,,,,,,
Cozy Coats For Kids Inc,,Boulder,CO,80301,,,,,,,,,,,,
Dance To Be Free,,Boulder,CO,80301,,,,,,,,,,,,
Dart Inc,,Boulder,CO,80301,,,,,,,,,,,,
Denver International Christian Church,,Boulder,CO,80301,,,,,,,,,,,,
Digna Global Inc,,Boulder,CO,80301,,,,,,,,,,,,
Ditch And Reservoir Company Alliance,,Boulder,CO,80301,,,,,,,,,,,,
Drukpa Mila Center,,Boulder,CO,80301,,,,,,,,,,,,
Dykes Family Charitable Tr,,Boulder,CO,80301,,,,,,,,,,,,
Ecs Therapy Center,,Boulder,CO,80301,,,,,,,,,,,,
Edgestrider Academy,,Boulder,CO,80301,,,,,,,,,,,,
Edmund T & Eleanor Quick Foundation Inc,,Boulder,CO,80301,,,,,,,,,,,,
Edward And Janet Ahlstrand Fam Foundation,,Boulder,CO,80301,,,,,,,,,,,,
Edward O Lund Foundation,,Boulder,CO,80301,,,,,,,,,,,,
Elevations Credit Union,,Boulder,CO,80301,,,,,,,,,,,,
Elevations Foundation Inc,,Boulder,CO,80301,,,,,,,,,,,,
Eye Health Institute Inc,,Boulder,CO,80301,,,,,,,,,,,,
Family Hospice Foundation,,Boulder,CO,80301,,,,,,,,,,,,
Family Learning Center Inc,,Boulder,CO,80301,,,,,,,,,,,,
Farmers Ditch Company,,Boulder,CO,80301,,,,,,,,,,,,
Fc Boulder,,Boulder,CO,80301,,,,,,,,,,,,
Fhs-bhs After Prom Inc,,Boulder,CO,80301,,,,,,,,,,,,
Flowering Hope Foundation,,Boulder,CO,80301,,,,,,,,,,,,
Flywheel Project,,Boulder,CO,80301,,,,,,,,,,,,
Foot Of The Rockies Cat Club,,Boulder,CO,80301,,,,,,,,,,,,
Foundation For A Future,,Boulder,CO,80301,,,,,,,,,,,,
Foundation For Human Enrichment,,Boulder,CO,80301,,,,,,,,,,,,
Frequent Flyers Productions Inc,,Boulder,CO,80301,,,,,,,,,,,,
Friends Of Boulder County Sheriff K9 Association,,Boulder,CO,80301,,,,,,,,,,,,
Friends Of Boulder Fire-Rescue,,Boulder,CO,80301,,,,,,,,,,,,
Friends Of Surmang Inc,,Boulder,CO,80301,,,,,,,,,,,,
Friends Of The Goldlab Symposium,,Boulder,CO,80301,,,,,,,,,,,,
Friends Of Universal Masonry Foundation Inc,,Boulder,CO,80301,,,,,,,,,,,,
Fund For The New School,,Boulder,CO,80301,,,,,,,,,,,,
Geological Society Of America Foundation,,Boulder,CO,80301,,,,,,,,,,,,
Geological Society Of America Inc,,Boulder,CO,80301,,,,,,,,,,,,
Global Committee For Cctf,,Boulder,CO,80301,,,,,,,,,,,,
Global Greengrants Fund Inc,,Boulder,CO,80301,,,,,,,,,,,,
Go3 Foundation,,Boulder,CO,80301,,,,,,,,,,,,
Grief Support Network,,Boulder,CO,80301,,,,,,,,,,,,
Harvest Baptist Church,,Boulder,CO,80301,,,,,,,,,,,,
Harvest Of Hope Pantry,,Boulder,CO,80301,,,,,,,,,,,,
Hawkins Centers Of Learning Inc,,Boulder,CO,80301,,,,,,,,,,,,
Heart Strides,,Boulder,CO,80301,,,,,,,,,,,,
Heatherwood Parent Teacher Organization,,Boulder,CO,80301,,,,,,,,,,,,
Heavens Hope Foundation,,Boulder,CO,80301,,,,,,,,,,,,
Homestead Homeowners Association Inc,,Boulder,CO,80301,,,,,,,,,,,,
Hoops Family Foundation,,Boulder,CO,80301,,,,,,,,,,,,
House Of Genius,,Boulder,CO,80301,,,,,,,,,,,,
Independent Order Of Odd Fellows,,Boulder,CO,80301,,,,,,,,,,,,
Integral Leadership In Action,,Boulder,CO,80301,,,,,,,,,,,,
Intercambio De Comunidades,,Boulder,CO,80301,,,,,,,,,,,,
Internachi Foundation,,Boulder,CO,80301,,,,,,,,,,,,
International Association Of Certified Home Inspectors,,Boulder,CO,80301,,,,,,,,,,,,
International Center For Mental Health And Human Rights,,Boulder,CO,80301,,,,,,,,,,,,
International Center For Play Therapy And Research,,Boulder,CO,80301,,,,,,,,,,,,
International Cryogenic Materials Conference,,Boulder,CO,80301,,,,,,,,,,,,
Isla Animals,,Boulder,CO,80301,,,,,,,,,,,,
It Takes A Village Childrens Center Of Boulder Inc,,Boulder,CO,80301,,,,,,,,,,,,
Jay Road Church Of Christ,,Boulder,CO,80301,,,,,,,,,,,,
Jennifer Woods Tierney Foundation,,Boulder,CO,80301,,,,,,,,,,,,
Keys To College Education Network Inc,,Boulder,CO,80301,,,,,,,,,,,,
Krd Foundation,,Boulder,CO,80301,,,,,,,,,,,,
Lake Eldora Racing Team Association,,Boulder,CO,80301,,,,,,,,,,,,
Lena Foundation,,Boulder,CO,80301,,,,,,,,,,,,
Living Electricity Institute,,Boulder,CO,80301,,,,,,,,,,,,
Living With Harmony Inc,,Boulder,CO,80301,,,,,,,,,,,,
Local Theater Company,,Boulder,CO,80301,,,,,,,,,,,,
Lotus Treasure,,Boulder,CO,80301,,,,,,,,,,,,
Luhu Brain Illness Gateway Group,,Boulder,CO,80301,,,,,,,,,,,,
Master Inspector Certificationboard Inc,,Boulder,CO,80301,,,,,,,,,,,,
Midwest Collegiate Taekwondo Conference,,Boulder,CO,80301,,,,,,,,,,,,
Mile-hi Golden Retriever Club,,Boulder,CO,80301,,,,,,,,,,,,
Minority Issues Coalition,,Boulder,CO,80301,,,,,,,,,,,,
Mipham Shedra,,Boulder,CO,80301,,,,,,,,,,,,
Montessori Education Center Of The Rockies Inc,,Boulder,CO,80301,,,,,,,,,,,,
Moon & Stars Foundation,,Boulder,CO,80301,,,,,,,,,,,,
Mountain Shadows Montessori School,,Boulder,CO,80301,,,,,,,,,,,,
Nancy Spanier Dance Theatre Of Colorado Inc,,Boulder,CO,80301,,,,,,,,,,,,
National Association Of Certified Home Inspectors,,Boulder,CO,80301,,,,,,,,,,,,
National Center For Higher Education Management Systems,,Boulder,CO,80301,,,,,,,,,,,,
National Conference Of Standards Laboratories,,Boulder,CO,80301,,,,,,,,,,,,
National Council For State Authorization Reciprocity Agreemen,,Boulder,CO,80301,,,,,,,,,,,,
National Council On Education For The Ceramic Arts,,Boulder,CO,80301,,,,,,,,,,,,
National Ecological Observatory Network Inc,,Boulder,CO,80301,,,,,,,,,,,,
National Institute For Trial Advocacy,,Boulder,CO,80301,,,,,,,,,,,,
National Society Of The Daughters Of The American Revolution,,Boulder,CO,80301,,,,,,,,,,,,
Nchems Management Services Inc,,Boulder,CO,80301,,,,,,,,,,,,
Nehemiah Gateway Usa Inc,,Boulder,CO,80301,,,,,,,,,,,,
Neighborhood Opportunity Resources Inc,,Boulder,CO,80301,,,,,,,,,,,,
New Day Covenant Church Boulder Co,,Boulder,CO,80301,,,,,,,,,,,,
Nita Foundation,,Boulder,CO,80301,,,,,,,,,,,,
North Boulder Little League,,Boulder,CO,80301,,,,,,,,,,,,
Obligatory Themes,,Boulder,CO,80301,,,,,,,,,,,,
Ocean First Institute,,Boulder,CO,80301,,,,,,,,,,,,
One Project,,Boulder,CO,80301,,,,,,,,,,,,
One Society International,,Boulder,CO,80301,,,,,,,,,,,,
Open Heart Academy,,Boulder,CO,80301,,,,,,,,,,,,
Origins Community,,Boulder,CO,80301,,,,,,,,,,,,
Osel Dorje Nyingpo,,Boulder,CO,80301,,,,,,,,,,,,
Outdoor Industry Association,,Boulder,CO,80301,,,,,,,,,,,,
Pangje Foundation,,Boulder,CO,80301,,,,,,,,,,,,
Paradigm Nouveau Foundation,,Boulder,CO,80301,,,,,,,,,,,,
Pardes Levavot,,Boulder,CO,80301,,,,,,,,,,,,
Pmc Group,,Boulder,CO,80301,,,,,,,,,,,,
Preserving The Vision Org,,Boulder,CO,80301,,,,,,,,,,,,
Project V E T S,,Boulder,CO,80301,,,,,,,,,,,,
Protect Our Mother Inc,,Boulder,CO,80301,,,,,,,,,,,,
Public Media Company,,Boulder,CO,80301,,,,,,,,,,,,
R David And Suzanne A Hoover Charitable Trust,,Boulder,CO,80301,,,,,,,,,,,,
Red Balloon Network,,Boulder,CO,80301,,,,,,,,,,,,
Regroup Foundation,,Boulder,CO,80301,,,,,,,,,,,,
Rentry,,Boulder,CO,80301,,,,,,,,,,,,
Rescue Ranch Animal Sanctuary,,Boulder,CO,80301,,,,,,,,,,,,
Rock Creek Flyers Swim Team Inc,,Boulder,CO,80301,,,,,,,,,,,,
Rockwell Ridewell Foundation,,Boulder,CO,80301,,,,,,,,,,,,
Rocky Mountain Dressage Society Incorporated,,Boulder,CO,80301,,,,,,,,,,,,
Rocky Mountain Institute International,,Boulder,CO,80301,,,,,,,,,,,,
Rocky Mountain Rescue Group Inc,,Boulder,CO,80301,,,,,,,,,,,,
Rocky Mt Parish Health Ministry,,Boulder,CO,80301,,,,,,,,,,,,
Rolf Institute,,Boulder,CO,80301,,,,,,,,,,,,
Sangha Foundation,,Boulder,CO,80301,,,,,,,,,,,,
Savesarajevo,,Boulder,CO,80301,,,,,,,,,,,,
Science And Technology In Atmospheric Research Institute,,Boulder,CO,80301,,,,,,,,,,,,
Shambhala-nalanda Foundation,,Boulder,CO,80301,,,,,,,,,,,,
Skicarpool,,Boulder,CO,80301,,,,,,,,,,,,
Sklar Family Foundation,,Boulder,CO,80301,,,,,,,,,,,,
Smiling Life Foundation,,Boulder,CO,80301,,,,,,,,,,,,
Society For Preservation & Encourmt Of Barbershop Quartet Singing Amer,,Boulder,CO,80301,,,,,,,,,,,,
Society Of Manufacturing Engineeres,,Boulder,CO,80301,,,,,,,,,,,,
Solid State Depot,,Boulder,CO,80301,,,,,,,,,,,,
Space Science Institute,,Boulder,CO,80301,,,,,,,,,,,,
Spellbinders,,Boulder,CO,80301,,,,,,,,,,,,
State Higher Education Executive,,Boulder,CO,80301,,,,,,,,,,,,
Stem Rev,,Boulder,CO,80301,,,,,,,,,,,,
Temple Grandin School,,Boulder,CO,80301,,,,,,,,,,,,
Th Boulder Renaissance Consort,,Boulder,CO,80301,,,,,,,,,,,,
The Acorn School For Early Childhood Development,,Boulder,CO,80301,,,,,,,,,,,,
The Action Committee For Eldorado,,Boulder,CO,80301,,,,,,,,,,,,
The Big Red F Family Fund,,Boulder,CO,80301,,,,,,,,,,,,
The Cielo Foundation,,Boulder,CO,80301,,,,,,,,,,,,
The Family Mayer Foundation Inc,,Boulder,CO,80301,,,,,,,,,,,,
The Foundation For Student Success Inc,,Boulder,CO,80301,,,,,,,,,,,,
The Gores Foundation,,Boulder,CO,80301,,,,,,,,,,,,
The Humane Society Of Boulder Valley Inc,,Boulder,CO,80301,,,,,,,,,,,,
The Outdoor Foundation,,Boulder,CO,80301,,,,,,,,,,,,
The Q D Foundation Inc,,Boulder,CO,80301,,,,,,,,,,,,
The Renaissance Scots Living History Assn,,Boulder,CO,80301,,,,,,,,,,,,
The@elizabeth F Walker Foundation,,Boulder,CO,80301,,,,,,,,,,,,
There With Care,,Boulder,CO,80301,,,,,,,,,,,,
Thistle Community Housing,,Boulder,CO,80301,,,,,,,,,,,,
Thomas & Frances Mcgregor Foundation,,Boulder,CO,80301,,,,,,,,,,,,
Torch Club Of Boulder Colorado,,Boulder,CO,80301,,,,,,,,,,,,
Treasure Caretaker Training,,Boulder,CO,80301,,,,,,,,,,,,
Trout Unlimited,,Boulder,CO,80301,,,,,,,,,,,,
Unavco Inc,,Boulder,CO,80301,,,,,,,,,,,,
United States National Chapter Of The International Association Of,,Boulder,CO,80301,,,,,,,,,,,,
University Corporation For Atmospheric Research,,Boulder,CO,80301,,,,,,,,,,,,
Up For Pups,,Boulder,CO,80301,,,,,,,,,,,,
Usa Climbing,,Boulder,CO,80301,,,,,,,,,,,,
Via Mobility Services,,Boulder,CO,80301,,,,,,,,,,,,
Voices For Children Inc,,Boulder,CO,80301,,,,,,,,,,,,
Voices Foundation,,Boulder,CO,80301,,,,,,,,,,,,
Vuhaus Corp,,Boulder,CO,80301,,,,,,,,,,,,
Wealthorg,,Boulder,CO,80301,,,,,,,,,,,,
Western Interstate Commission For Higher Education,,Boulder,CO,80301,,,,,,,,,,,,
White Dwarf Research Corporation,,Boulder,CO,80301,,,,,,,,,,,,
Who Dreams Wins Foundation,,Boulder,CO,80301,,,,,,,,,,,,
Wildlands Restoration Volunteers,,Boulder,CO,80301,,,,,,,,,,,,
Witness Inc,,Boulder,CO,80301,,,,,,,,,,,,
Wolf Family Foundation,,Boulder,CO,80301,,,,,,,,,,,,
Womens Wilderness Institute,,Boulder,CO,80301,,,,,,,,,,,,
World Singing Day,,Boulder,CO,80301,,,,,,,,,,,,
Youth Opportunities Inc,,Boulder,CO,80301,,,,,,,,,,,,
Ziji Early Elementary School Llc,,Boulder,CO,80301,,,,,,,,,,,,
American Association Of Teachers Of Japanese Inc,,Boulder,CO,80309,,,,,,,,,,,,
American Institute Of Aeronautics And Astronautics Inc,,Boulder,CO,80309,,,,,,,,,,,,
Arnold Air Society-silver Wings,,Boulder,CO,80309,,,,,,,,,,,,
Association For Computing Machinery,,Boulder,CO,80309,,,,,,,,,,,,
Beta Alpha Psi National Council,,Boulder,CO,80309,,,,,,,,,,,,
Chi Beta Phi Scientific Honorary,,Boulder,CO,80309,,,,,,,,,,,,
Colorado Association Of Law Libraries,,Boulder,CO,80309,,,,,,,,,,,,
Colorado Longitudinal Study,,Boulder,CO,80309,,,,,,,,,,,,
Colorado National Golf Foundation,,Boulder,CO,80309,,,,,,,,,,,,
Colorado Teachers Of English To Speakers Of Other Languages,,Boulder,CO,80309,,,,,,,,,,,,
Cu Boulder Veterans Alumni Club,,Boulder,CO,80309,,,,,,,,,,,,
National Center For Women And Information Technology,,Boulder,CO,80309,,,,,,,,,,,,
Phi Beta Kappa Society,,Boulder,CO,80309,,,,,,,,,,,,
Phi Sigma Rho National Sorority,,Boulder,CO,80309,,,,,,,,,,,,
Pi Mu Epsilon Fraternity,,Boulder,CO,80309,,,,,,,,,,,,
Psi Chi The National Honor Society In Psychology,,Boulder,CO,80309,,,,,,,,,,,,
Society Of Women Engineers,,Boulder,CO,80309,,,,,,,,,,,,
University Of Colorado Golden Buffalo Marching Band Alumni,,Boulder,CO,80309,,,,,,,,,,,,
500 Women Scientists,,Boulder,CO,80303,,,,,,,,,,,,
Acoustic Emission Working Group,,Boulder,CO,80303,,,,,,,,,,,,
Al-shaahed -the Witness,,Boulder,CO,80303,,,,,,,,,,,,
All About The Kids Inc,,Boulder,CO,80303,,,,,,,,,,,,
Aloran Foundation,,Boulder,CO,80303,,,,,,,,,,,,
Alpha Psi Delta Educational Foundation Inc,,Boulder,CO,80303,,,,,,,,,,,,
Bdt Academy,,Boulder,CO,80303,,,,,,,,,,,,
Bicycle Wholesale Distributors Association Inc,,Boulder,CO,80303,,,,,,,,,,,,
Big Thompson Manor Ii,,Boulder,CO,80303,,,,,,,,,,,,
Big Thompson Manor Inc,,Boulder,CO,80303,,,,,,,,,,,,
Boulder Bike Sharing,,Boulder,CO,80303,,,,,,,,,,,,
Boulder Chorale,,Boulder,CO,80303,,,,,,,,,,,,
Boulder Council For International Visitors Inc,,Boulder,CO,80303,,,,,,,,,,,,
Boulder County Center For Judaism,,Boulder,CO,80303,,,,,,,,,,,,
Boulder Crisis Pregnancy Center,,Boulder,CO,80303,,,,,,,,,,,,
Boulder Dance Coalition,,Boulder,CO,80303,,,,,,,,,,,,
Boulder Fish And Game Inc,,Boulder,CO,80303,,,,,,,,,,,,
Boulder Flatirons Foursquare Church,,Boulder,CO,80303,,,,,,,,,,,,
Boulder Genealogical Society,,Boulder,CO,80303,,,,,,,,,,,,
Boulder International Folk Dancers,,Boulder,CO,80303,,,,,,,,,,,,
Boulder Jewish Community Center,,Boulder,CO,80303,,,,,,,,,,,,
Boulder Jewish Community Foundation,,Boulder,CO,80303,,,,,,,,,,,,
Boulder Jewish Fellowship Inc,,Boulder,CO,80303,,,,,,,,,,,,
Boulder Jewish News Inc,,Boulder,CO,80303,,,,,,,,,,,,
Boulder Korean Church,,Boulder,CO,80303,,,,,,,,,,,,
Boulder Muse,,Boulder,CO,80303,,,,,,,,,,,,
Boulder Nordic Club,,Boulder,CO,80303,,,,,,,,,,,,
Boulder Track Club Incorporated,,Boulder,CO,80303,,,,,,,,,,,,
Boulder Valley Christian Church,,Boulder,CO,80303,,,,,,,,,,,,
Boulder Valley Church Of Christ,,Boulder,CO,80303,,,,,,,,,,,,
Boulder Valley Education Assoc,,Boulder,CO,80303,,,,,,,,,,,,
Bowing For Change,,Boulder,CO,80303,,,,,,,,,,,,
Brainworks Tbi,,Boulder,CO,80303,,,,,,,,,,,,
Camp For Change Inc,,Boulder,CO,80303,,,,,,,,,,,,
Camp Wardrobe Malfunktion,,Boulder,CO,80303,,,,,,,,,,,,
Chipsi Alpha Psi Delta Corp,,Boulder,CO,80303,,,,,,,,,,,,
Christian Home Fellowship Of Boulder,,Boulder,CO,80303,,,,,,,,,,,,
Church Of The New World Christ,,Boulder,CO,80303,,,,,,,,,,,,
City On The Hill Ministries Inc,,Boulder,CO,80303,,,,,,,,,,,,
Ciyota Inc,,Boulder,CO,80303,,,,,,,,,,,,
Community Eco Living,,Boulder,CO,80303,,,,,,,,,,,,
Compassionrocks Inc,,Boulder,CO,80303,,,,,,,,,,,,
Congregation Bonai Shalom,,Boulder,CO,80303,,,,,,,,,,,,
Corporate Running Association,,Boulder,CO,80303,,,,,,,,,,,,
Countryside Montessori School Inc,,Boulder,CO,80303,,,,,,,,,,,,
Credit Unions Chartered In The State Of Colorado,,Boulder,CO,80303,,,,,,,,,,,,
Crestview Church,,Boulder,CO,80303,,,,,,,,,,,,
Dahlia & Rosa Marcia Foundation,,Boulder,CO,80303,,,,,,,,,,,,
Day Foundation,,Boulder,CO,80303,,,,,,,,,,,,
Douglass Elementary Pto-sit Inc,,Boulder,CO,80303,,,,,,,,,,,,
Dream Worthy,,Boulder,CO,80303,,,,,,,,,,,,
East Side Art Institute Inc,,Boulder,CO,80303,,,,,,,,,,,,
Ecesis Foundation,,Boulder,CO,80303,,,,,,,,,,,,
Environmental Foundation,,Boulder,CO,80303,,,,,,,,,,,,
Fairview Band Boosters Organization,,Boulder,CO,80303,,,,,,,,,,,,
Family Quest Of Colorado,,Boulder,CO,80303,,,,,,,,,,,,
Flatirons Mineral Club,,Boulder,CO,80303,,,,,,,,,,,,
Frasier Meadows Manor Inc,,Boulder,CO,80303,,,,,,,,,,,,
Fraternal Order Of Police,,Boulder,CO,80303,,,,,,,,,,,,
Friends Interested In Dogs & Open Space Inc,,Boulder,CO,80303,,,,,,,,,,,,
Friends Of Boulder Community School Of Integrated Studies,,Boulder,CO,80303,,,,,,,,,,,,
Friends Of Tibetan Settlements In India,,Boulder,CO,80303,,,,,,,,,,,,
Friends School Inc,,Boulder,CO,80303,,,,,,,,,,,,
Globe Center Inc,,Boulder,CO,80303,,,,,,,,,,,,
Golden Sun Foundation For World Culture,,Boulder,CO,80303,,,,,,,,,,,,
Golden West Communities Inc,,Boulder,CO,80303,,,,,,,,,,,,
Golden West Foundation,,Boulder,CO,80303,,,,,,,,,,,,
Graduate School Of Banking At Colorado,,Boulder,CO,80303,,,,,,,,,,,,
Green Up Our Schools,,Boulder,CO,80303,,,,,,,,,,,,
Grillo Health Information Center,,Boulder,CO,80303,,,,,,,,,,,,
Groundwork,,Boulder,CO,80303,,,,,,,,,,,,
Gu Feng Tai Chi Club,,Boulder,CO,80303,,,,,,,,,,,,
Gunbarrel Commons Park Association,,Boulder,CO,80303,,,,,,,,,,,,
Hakubai Temple,,Boulder,CO,80303,,,,,,,,,,,,
Harlow Foundation Inc,,Boulder,CO,80303,,,,,,,,,,,,
Hart Family Foundation,,Boulder,CO,80303,,,,,,,,,,,,
Haver Inc,,Boulder,CO,80303,,,,,,,,,,,,
High Peaks Educational Group Inc,,Boulder,CO,80303,,,,,,,,,,,,
Hillside Learning Center,,Boulder,CO,80303,,,,,,,,,,,,
His Works Kazi Yake,,Boulder,CO,80303,,,,,,,,,,,,
Hope For Youths,,Boulder,CO,80303,,,,,,,,,,,,
Horizons K8,,Boulder,CO,80303,,,,,,,,,,,,
Hypothetical Theatre Company Inc,,Boulder,CO,80303,,,,,,,,,,,,
I Have A Dream Foundation Of Boulder County,,Boulder,CO,80303,,,,,,,,,,,,
Impermanent Sangha,,Boulder,CO,80303,,,,,,,,,,,,
Innovo Foundation,,Boulder,CO,80303,,,,,,,,,,,,
Institute For Sustainable Peace,,Boulder,CO,80303,,,,,,,,,,,,
International Association Of Fire Fighters,,Boulder,CO,80303,,,,,,,,,,,,
Islamic Center Of Boulder,,Boulder,CO,80303,,,,,,,,,,,,
Jubilee Farms Inc,,Boulder,CO,80303,,,,,,,,,,,,
Just Go Harder Foundation,,Boulder,CO,80303,,,,,,,,,,,,
Justin Parker Neurological Institute,,Boulder,CO,80303,,,,,,,,,,,,
Kehilath Aish Kodesh,,Boulder,CO,80303,,,,,,,,,,,,
La Leche League International Inc,,Boulder,CO,80303,,,,,,,,,,,,
La Montana Fund,,Boulder,CO,80303,,,,,,,,,,,,
Lafayette Seals Booster Club,,Boulder,CO,80303,,,,,,,,,,,,
Lapis Buddha Foundation,,Boulder,CO,80303,,,,,,,,,,,,
Legacy Of Learning,,Boulder,CO,80303,,,,,,,,,,,,
Living Earth Agriculture Foundation,,Boulder,CO,80303,,,,,,,,,,,,
Mad Ministries,,Boulder,CO,80303,,,,,,,,,,,,
Maker Bolder,,Boulder,CO,80303,,,,,,,,,,,,
Manhattan Middle School Parent Teacher Organization,,Boulder,CO,80303,,,,,,,,,,,,
Meadows Club,,Boulder,CO,80303,,,,,,,,,,,,
Medicine Horse Program,,Boulder,CO,80303,,,,,,,,,,,,
Menorah Arts Culture & Education At,,Boulder,CO,80303,,,,,,,,,,,,
Mountain View United Methodist Church,,Boulder,CO,80303,,,,,,,,,,,,
National Association Of Letter Carriers,,Boulder,CO,80303,,,,,,,,,,,,
National Society Daughters Of Colonial Wars Inc,,Boulder,CO,80303,,,,,,,,,,,,
National Society Daughters Of The Union 1861-1865,,Boulder,CO,80303,,,,,,,,,,,,
National Sojourners Inc,,Boulder,CO,80303,,,,,,,,,,,,
Native American Producers Alliance,,Boulder,CO,80303,,,,,,,,,,,,
Navajo Court Mutual Improvement Maintenance And Park Association,,Boulder,CO,80303,,,,,,,,,,,,
Noble Grain,,Boulder,CO,80303,,,,,,,,,,,,
Nyagi Project,,Boulder,CO,80303,,,,,,,,,,,,
O J & Mary Christine Harvey Educational Foundation,,Boulder,CO,80303,,,,,,,,,,,,
Oasis For Veterans,,Boulder,CO,80303,,,,,,,,,,,,
One More International Inc,,Boulder,CO,80303,,,,,,,,,,,,
Our School Preschool Inc,,Boulder,CO,80303,,,,,,,,,,,,
Pangaea Foundation,,Boulder,CO,80303,,,,,,,,,,,,
Parent Engagement Network,,Boulder,CO,80303,,,,,,,,,,,,
Parent Teacher Organization Of Nevin Platt Middle School,,Boulder,CO,80303,,,,,,,,,,,,
Partners In Parenting Haiti Inc,,Boulder,CO,80303,,,,,,,,,,,,
Peaks To Plains Suzuki Institute,,Boulder,CO,80303,,,,,,,,,,,,
Positive Coaching Inc,,Boulder,CO,80303,,,,,,,,,,,,
Ready To Work Aurora,,Boulder,CO,80303,,,,,,,,,,,,
Rhetoric Society Of America,,Boulder,CO,80303,,,,,,,,,,,,
Rhythm Of Kindness Foundation,,Boulder,CO,80303,,,,,,,,,,,,
Rock Creek Church,,Boulder,CO,80303,,,,,,,,,,,,
Rocky Mountain Ecodharma Retreat Center,,Boulder,CO,80303,,,,,,,,,,,,
Rocky Mountain Neptunes,,Boulder,CO,80303,,,,,,,,,,,,
Rocky Mountain Riding Therapy,,Boulder,CO,80303,,,,,,,,,,,,
Rocky Mountain Special Hockey,,Boulder,CO,80303,,,,,,,,,,,,
Romanian American Freedom Alliance,,Boulder,CO,80303,,,,,,,,,,,,
S G R Y Of Colorado,,Boulder,CO,80303,,,,,,,,,,,,
Sacred Heart Of Mary Parish,,Boulder,CO,80303,,,,,,,,,,,,
Saint Thomas Aquinas Housing,,Boulder,CO,80303,,,,,,,,,,,,
Savory Institute Org Inc,,Boulder,CO,80303,,,,,,,,,,,,
Sea Earth Alliance,,Boulder,CO,80303,,,,,,,,,,,,
Second Baptist Church,,Boulder,CO,80303,,,,,,,,,,,,
Senior Homeshares,,Boulder,CO,80303,,,,,,,,,,,,
Shaolin Hung Mei Kung Fu Association,,Boulder,CO,80303,,,,,,,,,,,,
Social Venture Partners Boulder County Inc,,Boulder,CO,80303,,,,,,,,,,,,
South Boulder Bible Church,,Boulder,CO,80303,,,,,,,,,,,,
South Boulder Canon Ditch Company,,Boulder,CO,80303,,,,,,,,,,,,
South Central Unity Churches Association Inc,,Boulder,CO,80303,,,,,,,,,,,,
Springs Life Sdb Church,,Boulder,CO,80303,,,,,,,,,,,,
Suitts Family Foundation,,Boulder,CO,80303,,,,,,,,,,,,
Test Every Child For Dyslexia Inc,,Boulder,CO,80303,,,,,,,,,,,,
Tet Family Foundation A Non-profit Corporation,,Boulder,CO,80303,,,,,,,,,,,,
The Boedecker Foundation,,Boulder,CO,80303,,,,,,,,,,,,
The Caritas Center,,Boulder,CO,80303,,,,,,,,,,,,
The Neuman Family Foundation,,Boulder,CO,80303,,,,,,,,,,,,
The@mark G And Bernee D L Strom Foundation,,Boulder,CO,80303,,,,,,,,,,,,
Thorne Ecological Institute,,Boulder,CO,80303,,,,,,,,,,,,
Two Hearts Fne,,Boulder,CO,80303,,,,,,,,,,,,
Unity Columbine Spiritual Center,,Boulder,CO,80303,,,,,,,,,,,,
Urban Wildlife Photo Club Inc,,Boulder,CO,80303,,,,,,,,,,,,
Vajra Amrita Mandala,,Boulder,CO,80303,,,,,,,,,,,,
Valley Bible Chapel,,Boulder,CO,80303,,,,,,,,,,,,
Vertile Foundation Inc,,Boulder,CO,80303,,,,,,,,,,,,
Veterans With Dignity,,Boulder,CO,80303,,,,,,,,,,,,
Watson Caring Science Institute,,Boulder,CO,80303,,,,,,,,,,,,
Yeong Sang Presbyterian Church,,Boulder,CO,80303,,,,,,,,,,,,
4222-humanity Through Baseball Foundation Inc,,Boulder,CO,80305,,,,,,,,,,,,
A Buck A Month Club,,Boulder,CO,80305,,,,,,,,,,,,
Adventure Rabbi Trips,,Boulder,CO,80305,,,,,,,,,,,,
African Conservation Centre Us,,Boulder,CO,80305,,,,,,,,,,,,
Alt-x Digital Arts Foundation,,Boulder,CO,80305,,,,,,,,,,,,
American Federation Of Government Employees,,Boulder,CO,80305,,,,,,,,,,,,
Asset Education,,Boulder,CO,80305,,,,,,,,,,,,
Bear Creek Home & School Association Inc,,Boulder,CO,80305,,,,,,,,,,,,
Berean Fundamental Church Of Boulder Colorado,,Boulder,CO,80305,,,,,,,,,,,,
Bixby & Associates,,Boulder,CO,80305,,,,,,,,,,,,
Books For Humanity Inc,,Boulder,CO,80305,,,,,,,,,,,,
Boulder Building Block Fund,,Boulder,CO,80305,,,,,,,,,,,,
Boulder County Safe Schools Coalition Inc,,Boulder,CO,80305,,,,,,,,,,,,
Boulder Food Rescue,,Boulder,CO,80305,,,,,,,,,,,,
Boulder Montessori School,,Boulder,CO,80305,,,,,,,,,,,,
Boulder Nobel Circle,,Boulder,CO,80305,,,,,,,,,,,,
Boulder Postoley Dance Ensemble,,Boulder,CO,80305,,,,,,,,,,,,
Boulder School For German Language And Culture,,Boulder,CO,80305,,,,,,,,,,,,
Boulder Suzuki Strings,,Boulder,CO,80305,,,,,,,,,,,,
Boulder Water Polo Club,,Boulder,CO,80305,,,,,,,,,,,,
Boulder-cuba Sister City Organization,,Boulder,CO,80305,,,,,,,,,,,,
Brent Family Foundation,,Boulder,CO,80305,,,,,,,,,,,,
Brighter Days Dog Rescue,,Boulder,CO,80305,,,,,,,,,,,,
Bvkid,,Boulder,CO,80305,,,,,,,,,,,,
C L I M B For Kids Foundation,,Boulder,CO,80305,,,,,,,,,,,,
Center For High Impact Weather Studies,,Boulder,CO,80305,,,,,,,,,,,,
Center For Severe Weather Research Inc,,Boulder,CO,80305,,,,,,,,,,,,
Coal Creek Canyon Watershed Partnership,,Boulder,CO,80305,,,,,,,,,,,,
Coalition For Colorado Universal Health Care,,Boulder,CO,80305,,,,,,,,,,,,
Colorado 4-h Foundation Inc,,Boulder,CO,80305,,,,,,,,,,,,
Colorado Abc,,Boulder,CO,80305,,,,,,,,,,,,
Colorado High School Boys Volleybal Association Inc,,Boulder,CO,80305,,,,,,,,,,,,
Colorado Russia Agricultural Group,,Boulder,CO,80305,,,,,,,,,,,,
Commerce Childrens Center Assoc,,Boulder,CO,80305,,,,,,,,,,,,
Community Leadership Academy Inc,,Boulder,CO,80305,,,,,,,,,,,,
Communityler,,Boulder,CO,80305,,,,,,,,,,,,
Conservation Ink,,Boulder,CO,80305,,,,,,,,,,,,
Creekside Parent Organization,,Boulder,CO,80305,,,,,,,,,,,,
Davis Phinney Foundation,,Boulder,CO,80305,,,,,,,,,,,,
Day Care Center,,Boulder,CO,80305,,,,,,,,,,,,
Dental Axs Inc,,Boulder,CO,80305,,,,,,,,,,,,
Earths Table Ltd,,Boulder,CO,80305,,,,,,,,,,,,
Enrich Life Over 50,,Boulder,CO,80305,,,,,,,,,,,,
Environment For The Americas Inc,,Boulder,CO,80305,,,,,,,,,,,,
Fairview High School Parents Organization Inc,,Boulder,CO,80305,,,,,,,,,,,,
Fairview Knights All Sports Booster Club Inc,,Boulder,CO,80305,,,,,,,,,,,,
Front Range Nesting Bald Eagle Studies,,Boulder,CO,80305,,,,,,,,,,,,
Gasp Of Colorado,,Boulder,CO,80305,,,,,,,,,,,,
Golden Eagle Wrestling Inc,,Boulder,CO,80305,,,,,,,,,,,,
Hadassah The Womens Zionist Organization Of America,,Boulder,CO,80305,,,,,,,,,,,,
Hearts Of Peace Foundation,,Boulder,CO,80305,,,,,,,,,,,,
Helpatschool,,Boulder,CO,80305,,,,,,,,,,,,
Helping Hands Health Education Inc,,Boulder,CO,80305,,,,,,,,,,,,
Highland Baptist Church Of Boulder Colo Inc,,Boulder,CO,80305,,,,,,,,,,,,
Hill Of Hope The Mark James Hill Foundation,,Boulder,CO,80305,,,,,,,,,,,,
Historical Cemetery No 18 Perpetual Care Fund,,Boulder,CO,80305,,,,,,,,,,,,
Hope For Madagascar,,Boulder,CO,80305,,,,,,,,,,,,
Hora Romaneasca Dance Ensemble,,Boulder,CO,80305,,,,,,,,,,,,
Indian Peaks Traverse Coalition,,Boulder,CO,80305,,,,,,,,,,,,
International Cryocooler Conference Inc,,Boulder,CO,80305,,,,,,,,,,,,
International Dyslexia Association- Rocky Mountian Branch,,Boulder,CO,80305,,,,,,,,,,,,
Jews Of The Earth,,Boulder,CO,80305,,,,,,,,,,,,
Jumping Mouse Foundation,,Boulder,CO,80305,,,,,,,,,,,,
Kimochi Incorporated,,Boulder,CO,80305,,,,,,,,,,,,
Knight Time Baseball Inc,,Boulder,CO,80305,,,,,,,,,,,,
Lilavati Institute,,Boulder,CO,80305,,,,,,,,,,,,
Lotus Light Foundation,,Boulder,CO,80305,,,,,,,,,,,,
Mary Sandoe House Inc,,Boulder,CO,80305,,,,,,,,,,,,
Mesa Elementary School Parent Teacher Organization,,Boulder,CO,80305,,,,,,,,,,,,
Mother House Inc,,Boulder,CO,80305,,,,,,,,,,,,
Mother Meera Home Colorado,,Boulder,CO,80305,,,,,,,,,,,,
Mount Calvary Lutheran Church,,Boulder,CO,80305,,,,,,,,,,,,
Mount Hope Lutheran Church,,Boulder,CO,80305,,,,,,,,,,,,
Munger Family Foundation,,Boulder,CO,80305,,,,,,,,,,,,
Mysalus Pbc,,Boulder,CO,80305,,,,,,,,,,,,
National Federation Of Music Clubs,,Boulder,CO,80305,,,,,,,,,,,,
New Subasio Institute,,Boulder,CO,80305,,,,,,,,,,,,
Old School Sports Inc,,Boulder,CO,80305,,,,,,,,,,,,
Optimist International,,Boulder,CO,80305,,,,,,,,,,,,
Padmasambhava Meditation Center,,Boulder,CO,80305,,,,,,,,,,,,
Patient Advocacy Coalition,,Boulder,CO,80305,,,,,,,,,,,,
Peak Research Inc,,Boulder,CO,80305,,,,,,,,,,,,
Perfecting Horizons Inc,,Boulder,CO,80305,,,,,,,,,,,,
Professional Trailbuilders Association,,Boulder,CO,80305,,,,,,,,,,,,
Pta Colorado Congress,,Boulder,CO,80305,,,,,,,,,,,,
Rejoice Children Center Incorporation,,Boulder,CO,80305,,,,,,,,,,,,
Road Runners Club Of America,,Boulder,CO,80305,,,,,,,,,,,,
Rocky Mountain Catalysis Society,,Boulder,CO,80305,,,,,,,,,,,,
Rocky Mountain Healing Hands Non Profit,,Boulder,CO,80305,,,,,,,,,,,,
Rocky Mountain Synchronized Swimming,,Boulder,CO,80305,,,,,,,,,,,,
Roots Running Project,,Boulder,CO,80305,,,,,,,,,,,,
Safe Haven Rescue,,Boulder,CO,80305,,,,,,,,,,,,
Samantha Remington Angel Heart Foundation,,Boulder,CO,80305,,,,,,,,,,,,
Scientific Foundation For Prehistoric Rock Art,,Boulder,CO,80305,,,,,,,,,,,,
Sean M Higgins Memorial Scholarship Fund,,Boulder,CO,80305,,,,,,,,,,,,
Second Wind Fund Of Boulder County,,Boulder,CO,80305,,,,,,,,,,,,
Shanao Cacao Collective,,Boulder,CO,80305,,,,,,,,,,,,
Southern Hills Parent And Teacher Organization Inc,,Boulder,CO,80305,,,,,,,,,,,,
Summit Middle Charter School Inc,,Boulder,CO,80305,,,,,,,,,,,,
Sunshine Canyon Dog Rescue,,Boulder,CO,80305,,,,,,,,,,,,
Supporters Of Fairview Ib Inc,,Boulder,CO,80305,,,,,,,,,,,,
Supporters Of Summit Inc,,Boulder,CO,80305,,,,,,,,,,,,
Tau Beta Pi Association Inc,,Boulder,CO,80305,,,,,,,,,,,,
The Catamounts Nfp,,Boulder,CO,80305,,,,,,,,,,,,
Toastmasters International,,Boulder,CO,80305,,,,,,,,,,,,
Underdogs Animal Rescue,,Boulder,CO,80305,,,,,,,,,,,,
Veterans Of Foreign Wars Of The United States Dept Of Colorado,,Boulder,CO,80305,,,,,,,,,,,,
Vintage Panthers Inc,,Boulder,CO,80305,,,,,,,,,,,,
Watson,,Boulder,CO,80305,,,,,,,,,,,,
Wild At Heart,,Boulder,CO,80305,,,,,,,,,,,,
